Created on 11-22-2020,https://www.CryptoDataDownload.com
Unix Timestamp,Date,Symbol,Open,High,Low,Close,Volume MAN,Volume ABTC
1605830400.0,2020-11-20,MANABTC,4.34e-06,4.49e-06,4.34e-06,4.43e-06,117362.73,0.5222
1605744000.0,2020-11-19,MANABTC,4.35e-06,4.42e-06,4.26e-06,4.34e-06,108297.02,0.4646
1605657600.0,2020-11-18,MANABTC,4.58e-06,4.59e-06,4.23e-06,4.35e-06,147569.81,0.6394
1605571200.0,2020-11-17,MANABTC,4.77e-06,4.89e-06,4.43e-06,4.58e-06,304597.02,1.395
1605484800.0,2020-11-16,MANABTC,4.88e-06,5.08e-06,4.68e-06,4.77e-06,108866.62,0.5271
1605398400.0,2020-11-15,MANABTC,4.94e-06,5.16e-06,4.88e-06,4.88e-06,33823.02,0.1699
1605312000.0,2020-11-14,MANABTC,5.05e-06,5.13e-06,4.93e-06,4.94e-06,124240.42,0.6229
1605225600.0,2020-11-13,MANABTC,5.17e-06,5.34e-06,4.92e-06,5.05e-06,416598.77,2.115
1605139200.0,2020-11-12,MANABTC,5.29e-06,5.37e-06,4.8e-06,5.17e-06,1011104.05,5.073
1605052800.0,2020-11-11,MANABTC,5.71e-06,6.02e-06,5.26e-06,5.29e-06,567205.68,3.209
1604966400.0,2020-11-10,MANABTC,6.32e-06,7.27e-06,5.65e-06,5.71e-06,2023603.6,13.32
1604880000.0,2020-11-09,MANABTC,5.56e-06,6.59e-06,5.29e-06,6.32e-06,927281.42,5.703
1604793600.0,2020-11-08,MANABTC,5.05e-06,5.81e-06,5.02e-06,5.56e-06,350737.61,1.893
1604707200.0,2020-11-07,MANABTC,5.35e-06,5.6e-06,4.82e-06,5.05e-06,317998.05,1.639
1604620800.0,2020-11-06,MANABTC,4.71e-06,5.91e-06,4.71e-06,5.35e-06,1247536.75,6.789
1604534400.0,2020-11-05,MANABTC,4.54e-06,5.11e-06,4.32e-06,4.71e-06,898079.45,4.308
1604448000.0,2020-11-04,MANABTC,4.52e-06,4.57e-06,4.48e-06,4.54e-06,132518.06,0.5993
1604361600.0,2020-11-03,MANABTC,4.63e-06,4.67e-06,4.49e-06,4.52e-06,157411.18,0.7205
1604275200.0,2020-11-02,MANABTC,4.67e-06,4.89e-06,4.63e-06,4.63e-06,100827.32,0.4829
1604188800.0,2020-11-01,MANABTC,4.7e-06,4.73e-06,4.62e-06,4.67e-06,82848.73,0.3865
1604102400.0,2020-10-31,MANABTC,4.64e-06,4.77e-06,4.64e-06,4.7e-06,82898.52,0.3897
1604016000.0,2020-10-30,MANABTC,4.81e-06,4.83e-06,4.55e-06,4.64e-06,115863.07,0.5392
1603929600.0,2020-10-29,MANABTC,5.0e-06,5.12e-06,4.79e-06,4.81e-06,170849.85,0.8439
1603843200.0,2020-10-28,MANABTC,5.22e-06,5.23e-06,4.94e-06,5.0e-06,124384.38,0.6317
1603756800.0,2020-10-27,MANABTC,5.56e-06,5.57e-06,5.21e-06,5.22e-06,211237.06,1.136
1603670400.0,2020-10-26,MANABTC,5.6e-06,5.68e-06,5.52e-06,5.56e-06,135408.48,0.7606
1603584000.0,2020-10-25,MANABTC,5.76e-06,5.76e-06,5.52e-06,5.6e-06,156854.72,0.8836
1603497600.0,2020-10-24,MANABTC,5.67e-06,5.94e-06,5.67e-06,5.76e-06,138544.15,0.8058
1603411200.0,2020-10-23,MANABTC,5.81e-06,5.82e-06,5.67e-06,5.67e-06,91564.69,0.5261
1603324800.0,2020-10-22,MANABTC,5.76e-06,5.88e-06,5.76e-06,5.81e-06,54798.69,0.3194
1603238400.0,2020-10-21,MANABTC,5.97e-06,5.97e-06,5.71e-06,5.76e-06,211591.15,1.241
1603152000.0,2020-10-20,MANABTC,6.3e-06,6.32e-06,5.9e-06,5.97e-06,287236.5,1.74
1603065600.0,2020-10-19,MANABTC,6.68e-06,6.68e-06,6.3e-06,6.3e-06,45869.51,0.2952
1602979200.0,2020-10-18,MANABTC,6.48e-06,6.86e-06,6.48e-06,6.68e-06,142384.08,0.9545
1602892800.0,2020-10-17,MANABTC,6.32e-06,6.68e-06,6.27e-06,6.48e-06,233691.51,1.515
1602806400.0,2020-10-16,MANABTC,6.46e-06,6.5e-06,6.3e-06,6.32e-06,94128.71,0.6007
1602720000.0,2020-10-15,MANABTC,6.61e-06,6.77e-06,6.45e-06,6.46e-06,182466.47,1.203
1602633600.0,2020-10-14,MANABTC,6.76e-06,6.78e-06,6.6e-06,6.61e-06,74948.56,0.5016
1602547200.0,2020-10-13,MANABTC,6.83e-06,6.88e-06,6.75e-06,6.76e-06,45261.92,0.3073
1602460800.0,2020-10-12,MANABTC,6.91e-06,6.96e-06,6.78e-06,6.83e-06,80538.56,0.5524
1602374400.0,2020-10-11,MANABTC,7.08e-06,7.1e-06,6.88e-06,6.91e-06,281799.16,1.957
1602288000.0,2020-10-10,MANABTC,7.2e-06,7.62e-06,6.99e-06,7.08e-06,542309.28,3.919
1602201600.0,2020-10-09,MANABTC,6.76e-06,7.21e-06,6.66e-06,7.2e-06,366624.21,2.571
1602115200.0,2020-10-08,MANABTC,6.64e-06,6.8e-06,6.55e-06,6.76e-06,128805.34,0.8607
1602028800.0,2020-10-07,MANABTC,6.63e-06,6.66e-06,6.52e-06,6.64e-06,89529.31,0.591
1601942400.0,2020-10-06,MANABTC,7.11e-06,7.11e-06,6.59e-06,6.63e-06,558385.01,3.779
1601856000.0,2020-10-05,MANABTC,7.0e-06,7.23e-06,7.0e-06,7.11e-06,42634.22,0.3035
1601769600.0,2020-10-04,MANABTC,7.18e-06,7.18e-06,7.0e-06,7.0e-06,43102.83,0.3045
1601683200.0,2020-10-03,MANABTC,6.95e-06,7.18e-06,6.95e-06,7.18e-06,100723.08,0.7152
1601596800.0,2020-10-02,MANABTC,7.25e-06,7.3e-06,6.89e-06,6.95e-06,486363.86,3.42
1601510400.0,2020-10-01,MANABTC,7.77e-06,7.92e-06,6.99e-06,7.25e-06,625237.64,4.607
1601424000.0,2020-09-30,MANABTC,8.21e-06,8.21e-06,7.65e-06,7.77e-06,187701.4,1.495
1601337600.0,2020-09-29,MANABTC,7.49e-06,8.47e-06,7.49e-06,8.21e-06,749853.39,6.078
1601251200.0,2020-09-28,MANABTC,7.34e-06,7.52e-06,7.31e-06,7.49e-06,190761.21,1.422
1601164800.0,2020-09-27,MANABTC,7.4e-06,7.6e-06,7.15e-06,7.34e-06,132949.61,0.9779
1601078400.0,2020-09-26,MANABTC,7.16e-06,7.7e-06,7.16e-06,7.4e-06,305859.53,2.287
1600992000.0,2020-09-25,MANABTC,6.97e-06,7.24e-06,6.79e-06,7.16e-06,407632.33,2.874
1600905600.0,2020-09-24,MANABTC,6.75e-06,7.04e-06,6.64e-06,6.97e-06,359808.36,2.468
1600819200.0,2020-09-23,MANABTC,6.85e-06,7.52e-06,6.75e-06,6.75e-06,1174306.49,8.411
1600732800.0,2020-09-22,MANABTC,6.74e-06,6.89e-06,6.4e-06,6.85e-06,344711.47,2.291
1600646400.0,2020-09-21,MANABTC,7.23e-06,7.23e-06,6.57e-06,6.74e-06,272784.04,1.873
1600560000.0,2020-09-20,MANABTC,7.27e-06,7.38e-06,7.17e-06,7.23e-06,109619.54,0.7987
1600473600.0,2020-09-19,MANABTC,7.19e-06,7.31e-06,7.11e-06,7.27e-06,97596.99,0.7057
1600387200.0,2020-09-18,MANABTC,7.42e-06,7.57e-06,7.19e-06,7.19e-06,191317.17,1.414
1600300800.0,2020-09-17,MANABTC,7.1e-06,7.43e-06,7.1e-06,7.42e-06,249113.83,1.811
1600214400.0,2020-09-16,MANABTC,7.33e-06,7.33e-06,7.01e-06,7.1e-06,242980.9,1.726
1600128000.0,2020-09-15,MANABTC,7.74e-06,7.8e-06,7.31e-06,7.33e-06,269884.51,2.044
1600041600.0,2020-09-14,MANABTC,7.92e-06,7.93e-06,7.7e-06,7.74e-06,182162.26,1.416
1599955200.0,2020-09-13,MANABTC,8.17e-06,8.19e-06,7.64e-06,7.92e-06,250784.27,1.98
1599868800.0,2020-09-12,MANABTC,8.13e-06,8.23e-06,7.99e-06,8.17e-06,281114.15,2.28
1599782400.0,2020-09-11,MANABTC,7.91e-06,8.35e-06,7.84e-06,8.13e-06,695350.21,5.653
1599696000.0,2020-09-10,MANABTC,7.55e-06,7.92e-06,7.47e-06,7.91e-06,290996.33,2.239
1599609600.0,2020-09-09,MANABTC,7.31e-06,7.62e-06,7.14e-06,7.55e-06,552346.02,4.101
1599523200.0,2020-09-08,MANABTC,7.36e-06,7.37e-06,7.14e-06,7.31e-06,1169615.36,8.477
1599436800.0,2020-09-07,MANABTC,7.61e-06,7.85e-06,7.05e-06,7.36e-06,424764.37,3.152
1599350400.0,2020-09-06,MANABTC,7.7e-06,7.84e-06,7.19e-06,7.61e-06,931388.83,7.006
1599264000.0,2020-09-05,MANABTC,8.35e-06,8.52e-06,7.28e-06,7.7e-06,728447.35,5.696
1599177600.0,2020-09-04,MANABTC,8.09e-06,8.6e-06,7.98e-06,8.35e-06,873166.32,7.166
1599091200.0,2020-09-03,MANABTC,8.79e-06,8.85e-06,8.0e-06,8.09e-06,886799.92,7.42
1599004800.0,2020-09-02,MANABTC,8.48e-06,8.84e-06,8.07e-06,8.79e-06,602946.09,5.127
1598918400.0,2020-09-01,MANABTC,8.41e-06,8.55e-06,8.11e-06,8.48e-06,677050.68,5.618
1598832000.0,2020-08-31,MANABTC,8.85e-06,9.06e-06,8.26e-06,8.41e-06,706734.67,6.002
1598745600.0,2020-08-30,MANABTC,9.5e-06,9.65e-06,8.74e-06,8.85e-06,566203.34,5.17
1598659200.0,2020-08-29,MANABTC,9.27e-06,1.052e-05,8.83e-06,9.5e-06,2062211.48,19.82
1598572800.0,2020-08-28,MANABTC,8.32e-06,9.9e-06,8.08e-06,9.27e-06,1986784.74,18.22
1598486400.0,2020-08-27,MANABTC,7.51e-06,8.32e-06,7.51e-06,8.32e-06,1092994.82,8.745
1598400000.0,2020-08-26,MANABTC,7.6e-06,7.62e-06,7.43e-06,7.51e-06,231486.95,1.738
1598313600.0,2020-08-25,MANABTC,7.83e-06,7.97e-06,7.35e-06,7.6e-06,304949.64,2.334
1598227200.0,2020-08-24,MANABTC,7.86e-06,8.27e-06,7.71e-06,7.83e-06,428388.36,3.414
1598140800.0,2020-08-23,MANABTC,8.2e-06,8.32e-06,7.72e-06,7.86e-06,476878.9,3.778
1598054400.0,2020-08-22,MANABTC,8.16e-06,9.62e-06,7.6e-06,8.2e-06,3192006.09,27.46
1597968000.0,2020-08-21,MANABTC,7.68e-06,8.18e-06,7.24e-06,8.16e-06,1286153.92,9.889
1597881600.0,2020-08-20,MANABTC,7.1e-06,7.68e-06,6.9e-06,7.68e-06,308092.63,2.262
1597795200.0,2020-08-19,MANABTC,7.52e-06,7.66e-06,6.92e-06,7.1e-06,596471.94,4.347
1597708800.0,2020-08-18,MANABTC,7.85e-06,7.85e-06,7.23e-06,7.52e-06,830489.43,6.222
1597622400.0,2020-08-17,MANABTC,8.3e-06,8.4e-06,7.63e-06,7.85e-06,544932.58,4.38
1597536000.0,2020-08-16,MANABTC,8.3e-06,8.45e-06,8.02e-06,8.3e-06,417699.3,3.448
1597449600.0,2020-08-15,MANABTC,8.08e-06,8.5e-06,7.92e-06,8.3e-06,716332.03,5.861
1597363200.0,2020-08-14,MANABTC,7.87e-06,8.78e-06,7.68e-06,8.08e-06,1132498.48,9.124
1597276800.0,2020-08-13,MANABTC,8.5e-06,8.97e-06,7.84e-06,7.87e-06,1400545.12,11.68
1597190400.0,2020-08-12,MANABTC,7.89e-06,8.79e-06,7.63e-06,8.5e-06,1645674.5,13.7
1597104000.0,2020-08-11,MANABTC,8.51e-06,8.65e-06,7.46e-06,7.89e-06,1965570.6,15.64
1597017600.0,2020-08-10,MANABTC,8.58e-06,9.37e-06,7.73e-06,8.51e-06,4676223.67,39.38
1596931200.0,2020-08-09,MANABTC,8.74e-06,1.124e-05,8.51e-06,8.58e-06,9732741.15,93.18
1596844800.0,2020-08-08,MANABTC,6.44e-06,8.89e-06,6.34e-06,8.74e-06,7013230.61,52.86
1596758400.0,2020-08-07,MANABTC,4.9e-06,6.51e-06,4.9e-06,6.44e-06,4131580.0,24.1
1596672000.0,2020-08-06,MANABTC,4.57e-06,5.43e-06,4.37e-06,4.9e-06,2880811.15,14.31
1596585600.0,2020-08-05,MANABTC,4.05e-06,4.77e-06,4.05e-06,4.57e-06,2196539.68,9.85
1596499200.0,2020-08-04,MANABTC,4.08e-06,4.1e-06,4.0e-06,4.05e-06,89472.7,0.3623
1596412800.0,2020-08-03,MANABTC,3.99e-06,4.19e-06,3.96e-06,4.08e-06,470700.37,1.919
1596326400.0,2020-08-02,MANABTC,3.98e-06,4.05e-06,3.8e-06,3.99e-06,437047.65,1.723
1596240000.0,2020-08-01,MANABTC,4.02e-06,4.06e-06,3.89e-06,3.98e-06,315511.1,1.253
1596153600.0,2020-07-31,MANABTC,4.24e-06,4.29e-06,3.92e-06,4.02e-06,863678.05,3.483
1596067200.0,2020-07-30,MANABTC,4.4e-06,4.4e-06,4.12e-06,4.24e-06,883318.58,3.729
1595980800.0,2020-07-29,MANABTC,3.89e-06,4.67e-06,3.89e-06,4.4e-06,2770753.35,11.97
1595894400.0,2020-07-28,MANABTC,3.74e-06,4.4e-06,3.55e-06,3.89e-06,2497589.51,9.778
1595808000.0,2020-07-27,MANABTC,4.46e-06,5.08e-06,3.52e-06,3.74e-06,4511702.37,17.93
1595721600.0,2020-07-26,MANABTC,4.81e-06,4.9e-06,4.21e-06,4.46e-06,1532135.0,6.912
1595635200.0,2020-07-25,MANABTC,4.81e-06,4.97e-06,4.75e-06,4.81e-06,621596.96,3.038
1595548800.0,2020-07-24,MANABTC,4.99e-06,5.18e-06,4.81e-06,4.81e-06,428963.4,2.134
1595462400.0,2020-07-23,MANABTC,4.95e-06,5.26e-06,4.76e-06,4.99e-06,1793213.07,8.981
1595376000.0,2020-07-22,MANABTC,5.03e-06,5.32e-06,4.84e-06,4.95e-06,2127180.33,10.77
1595289600.0,2020-07-21,MANABTC,4.51e-06,5.78e-06,4.51e-06,5.03e-06,10162936.1,53.03
1595203200.0,2020-07-20,MANABTC,4.55e-06,4.65e-06,4.44e-06,4.51e-06,967359.98,4.389
1595116800.0,2020-07-19,MANABTC,4.29e-06,4.55e-06,4.29e-06,4.55e-06,590169.08,2.639
1595030400.0,2020-07-18,MANABTC,4.26e-06,4.32e-06,4.22e-06,4.29e-06,216440.52,0.9215
1594944000.0,2020-07-17,MANABTC,4.27e-06,4.32e-06,4.2e-06,4.26e-06,222766.67,0.9485
1594857600.0,2020-07-16,MANABTC,4.28e-06,4.32e-06,4.09e-06,4.27e-06,451810.38,1.9
1594771200.0,2020-07-15,MANABTC,4.37e-06,4.38e-06,4.28e-06,4.28e-06,268719.42,1.162
1594684800.0,2020-07-14,MANABTC,4.43e-06,4.43e-06,4.3e-06,4.37e-06,432279.87,1.887
1594598400.0,2020-07-13,MANABTC,4.4e-06,4.59e-06,4.37e-06,4.43e-06,546402.34,2.443
1594512000.0,2020-07-12,MANABTC,4.37e-06,4.45e-06,4.35e-06,4.4e-06,848867.67,3.74
1594425600.0,2020-07-11,MANABTC,4.37e-06,4.46e-06,4.32e-06,4.37e-06,355366.74,1.563
1594339200.0,2020-07-10,MANABTC,4.32e-06,4.4e-06,4.19e-06,4.37e-06,324130.98,1.388
1594252800.0,2020-07-09,MANABTC,4.34e-06,4.45e-06,4.31e-06,4.32e-06,605915.6,2.643
1594166400.0,2020-07-08,MANABTC,4.31e-06,4.54e-06,4.28e-06,4.34e-06,1517499.22,6.698
1594080000.0,2020-07-07,MANABTC,4.18e-06,4.49e-06,4.16e-06,4.31e-06,1549528.38,6.677
1593993600.0,2020-07-06,MANABTC,4.21e-06,4.24e-06,4.16e-06,4.18e-06,234029.12,0.9826
1593907200.0,2020-07-05,MANABTC,4.32e-06,4.32e-06,4.16e-06,4.21e-06,280864.8,1.179
1593820800.0,2020-07-04,MANABTC,4.24e-06,4.33e-06,4.21e-06,4.32e-06,188117.74,0.803
1593734400.0,2020-07-03,MANABTC,4.18e-06,4.26e-06,4.16e-06,4.24e-06,166516.18,0.6999
1593648000.0,2020-07-02,MANABTC,4.28e-06,4.35e-06,4.17e-06,4.18e-06,211319.3,0.8996
1593561600.0,2020-07-01,MANABTC,4.16e-06,4.3e-06,4.14e-06,4.28e-06,283216.27,1.201
1593475200.0,2020-06-30,MANABTC,4.11e-06,4.24e-06,4.04e-06,4.16e-06,267823.99,1.109
1593388800.0,2020-06-29,MANABTC,4.14e-06,4.14e-06,4.0e-06,4.11e-06,783875.5,3.153
1593302400.0,2020-06-28,MANABTC,4.1e-06,4.16e-06,3.94e-06,4.14e-06,907946.64,3.682
1593216000.0,2020-06-27,MANABTC,4.41e-06,4.41e-06,4.07e-06,4.1e-06,613686.31,2.58
1593129600.0,2020-06-26,MANABTC,4.64e-06,4.64e-06,4.35e-06,4.41e-06,387280.69,1.713
1593043200.0,2020-06-25,MANABTC,4.61e-06,4.64e-06,4.42e-06,4.64e-06,395708.19,1.78
1592956800.0,2020-06-24,MANABTC,4.65e-06,4.72e-06,4.48e-06,4.61e-06,473138.06,2.16
1592870400.0,2020-06-23,MANABTC,4.79e-06,4.8e-06,4.65e-06,4.65e-06,279138.31,1.318
1592784000.0,2020-06-22,MANABTC,4.67e-06,4.97e-06,4.62e-06,4.79e-06,1279555.0,6.131
1592697600.0,2020-06-21,MANABTC,4.53e-06,4.83e-06,4.48e-06,4.67e-06,1345083.73,6.298
1592611200.0,2020-06-20,MANABTC,4.44e-06,4.57e-06,4.44e-06,4.53e-06,109271.01,0.4935
1592524800.0,2020-06-19,MANABTC,4.45e-06,4.56e-06,4.32e-06,4.44e-06,223452.83,0.9987
1592438400.0,2020-06-18,MANABTC,4.28e-06,4.49e-06,4.28e-06,4.45e-06,345794.47,1.529
1592352000.0,2020-06-17,MANABTC,4.28e-06,4.4e-06,4.25e-06,4.28e-06,409274.78,1.766
1592265600.0,2020-06-16,MANABTC,4.28e-06,4.36e-06,4.18e-06,4.28e-06,512777.51,2.189
1592179200.0,2020-06-15,MANABTC,4.44e-06,4.44e-06,4.14e-06,4.28e-06,333664.79,1.414
1592092800.0,2020-06-14,MANABTC,4.53e-06,4.65e-06,4.39e-06,4.44e-06,182404.88,0.8264
1592006400.0,2020-06-13,MANABTC,4.48e-06,4.54e-06,4.37e-06,4.53e-06,422460.16,1.892
1591920000.0,2020-06-12,MANABTC,4.37e-06,4.55e-06,4.3e-06,4.48e-06,755923.5,3.328
1591833600.0,2020-06-11,MANABTC,4.4e-06,4.75e-06,4.28e-06,4.37e-06,1031090.45,4.7
1591747200.0,2020-06-10,MANABTC,4.2e-06,4.4e-06,4.2e-06,4.4e-06,281547.4,1.224
1591660800.0,2020-06-09,MANABTC,4.25e-06,4.3e-06,4.19e-06,4.2e-06,584426.72,2.471
1591574400.0,2020-06-08,MANABTC,4.22e-06,4.29e-06,4.2e-06,4.25e-06,295531.25,1.259
1591488000.0,2020-06-07,MANABTC,4.26e-06,4.28e-06,4.17e-06,4.22e-06,456071.99,1.933
1591401600.0,2020-06-06,MANABTC,4.26e-06,4.29e-06,4.23e-06,4.26e-06,247000.45,1.053
1591315200.0,2020-06-05,MANABTC,4.26e-06,4.33e-06,4.21e-06,4.26e-06,340792.42,1.46
1591228800.0,2020-06-04,MANABTC,4.29e-06,4.37e-06,4.18e-06,4.26e-06,170895.68,0.7318
1591142400.0,2020-06-03,MANABTC,4.25e-06,4.37e-06,4.17e-06,4.29e-06,183991.22,0.7919
1591056000.0,2020-06-02,MANABTC,4.04e-06,4.33e-06,4.0e-06,4.25e-06,853555.42,3.514
1590969600.0,2020-06-01,MANABTC,4.2e-06,4.35e-06,3.95e-06,4.04e-06,511650.86,2.121
1590883200.0,2020-05-31,MANABTC,4.15e-06,4.37e-06,4.15e-06,4.2e-06,480997.33,2.078
1590796800.0,2020-05-30,MANABTC,4.28e-06,4.32e-06,4.15e-06,4.15e-06,288618.43,1.228
1590710400.0,2020-05-29,MANABTC,4.15e-06,4.28e-06,4.09e-06,4.28e-06,214925.34,0.8951
1590624000.0,2020-05-28,MANABTC,4.46e-06,4.46e-06,4.13e-06,4.15e-06,199172.19,0.8442
1590537600.0,2020-05-27,MANABTC,4.7e-06,4.76e-06,4.3e-06,4.46e-06,685665.82,3.046
1590451200.0,2020-05-26,MANABTC,4.47e-06,4.9e-06,4.47e-06,4.7e-06,626210.25,2.95
1590364800.0,2020-05-25,MANABTC,4.16e-06,4.61e-06,4.16e-06,4.47e-06,1235255.28,5.41
1590278400.0,2020-05-24,MANABTC,4.36e-06,4.42e-06,4.09e-06,4.16e-06,476337.77,1.996
1590192000.0,2020-05-23,MANABTC,4.3e-06,4.47e-06,4.13e-06,4.36e-06,698780.07,3.015
1590105600.0,2020-05-22,MANABTC,3.96e-06,4.4e-06,3.96e-06,4.3e-06,1205923.25,5.008
1590019200.0,2020-05-21,MANABTC,3.88e-06,4.19e-06,3.8e-06,3.96e-06,1018325.58,4.037
1589932800.0,2020-05-20,MANABTC,3.83e-06,4.03e-06,3.79e-06,3.88e-06,476418.35,1.858
1589846400.0,2020-05-19,MANABTC,3.85e-06,3.88e-06,3.76e-06,3.83e-06,589384.97,2.254
1589760000.0,2020-05-18,MANABTC,3.68e-06,3.87e-06,3.68e-06,3.85e-06,1978914.53,7.436
1589673600.0,2020-05-17,MANABTC,3.84e-06,3.86e-06,3.68e-06,3.68e-06,2286249.12,8.546
1589587200.0,2020-05-16,MANABTC,3.87e-06,3.89e-06,3.81e-06,3.84e-06,237033.17,0.9133
1589500800.0,2020-05-15,MANABTC,3.78e-06,4.03e-06,3.78e-06,3.87e-06,566509.88,2.216
1589414400.0,2020-05-14,MANABTC,3.83e-06,3.93e-06,3.64e-06,3.78e-06,590249.21,2.239
1589328000.0,2020-05-13,MANABTC,4.03e-06,4.03e-06,3.82e-06,3.83e-06,980144.75,3.842
1589241600.0,2020-05-12,MANABTC,3.95e-06,4.28e-06,3.95e-06,4.03e-06,1305467.71,5.354
1589155200.0,2020-05-11,MANABTC,3.86e-06,4.02e-06,3.82e-06,3.95e-06,2226389.58,8.658
1589068800.0,2020-05-10,MANABTC,3.93e-06,4.01e-06,3.77e-06,3.86e-06,1568527.0,6.13
1588982400.0,2020-05-09,MANABTC,3.95e-06,4.03e-06,3.87e-06,3.93e-06,900493.78,3.548
1588896000.0,2020-05-08,MANABTC,3.6e-06,4.24e-06,3.6e-06,3.95e-06,2124584.42,8.337
1588809600.0,2020-05-07,MANABTC,3.77e-06,3.98e-06,3.53e-06,3.6e-06,1434456.12,5.419
1588723200.0,2020-05-06,MANABTC,3.89e-06,4.02e-06,3.75e-06,3.77e-06,424791.02,1.644
1588636800.0,2020-05-05,MANABTC,3.91e-06,4.0e-06,3.84e-06,3.89e-06,592690.27,2.319
1588550400.0,2020-05-04,MANABTC,3.87e-06,4.03e-06,3.75e-06,3.91e-06,905296.96,3.518
1588464000.0,2020-05-03,MANABTC,4.1e-06,4.18e-06,3.55e-06,3.87e-06,1719050.17,6.696
1588377600.0,2020-05-02,MANABTC,3.75e-06,4.59e-06,3.75e-06,4.1e-06,4201018.69,17.5
1588291200.0,2020-05-01,MANABTC,3.6e-06,3.9e-06,3.6e-06,3.75e-06,503379.62,1.888
1588204800.0,2020-04-30,MANABTC,3.85e-06,3.85e-06,3.51e-06,3.6e-06,1138877.87,4.13
1588118400.0,2020-04-29,MANABTC,4.23e-06,4.24e-06,3.77e-06,3.85e-06,1594106.62,6.421
1588032000.0,2020-04-28,MANABTC,4.09e-06,4.48e-06,4.09e-06,4.23e-06,1644534.5,7.019
1587945600.0,2020-04-27,MANABTC,3.97e-06,4.14e-06,3.9e-06,4.09e-06,423769.49,1.72
1587859200.0,2020-04-26,MANABTC,3.87e-06,4.01e-06,3.81e-06,3.97e-06,209282.15,0.8166
1587772800.0,2020-04-25,MANABTC,3.88e-06,3.93e-06,3.81e-06,3.87e-06,339148.18,1.308
1587686400.0,2020-04-24,MANABTC,3.84e-06,3.88e-06,3.76e-06,3.88e-06,244518.34,0.935
1587600000.0,2020-04-23,MANABTC,3.92e-06,3.95e-06,3.74e-06,3.84e-06,824854.93,3.164
1587513600.0,2020-04-22,MANABTC,3.94e-06,4.02e-06,3.91e-06,3.92e-06,310428.67,1.237
1587427200.0,2020-04-21,MANABTC,4.0e-06,4.0e-06,3.9e-06,3.94e-06,172834.49,0.68
1587340800.0,2020-04-20,MANABTC,4.05e-06,4.06e-06,3.95e-06,4.0e-06,145979.9,0.5836
1587254400.0,2020-04-19,MANABTC,4.09e-06,4.17e-06,4.0e-06,4.05e-06,449922.98,1.837
1587168000.0,2020-04-18,MANABTC,4.06e-06,4.23e-06,3.99e-06,4.09e-06,577634.17,2.369
1587081600.0,2020-04-17,MANABTC,3.89e-06,4.06e-06,3.86e-06,4.06e-06,344662.54,1.37
1586995200.0,2020-04-16,MANABTC,3.94e-06,3.99e-06,3.86e-06,3.89e-06,97170.69,0.3807
1586908800.0,2020-04-15,MANABTC,3.95e-06,4.05e-06,3.91e-06,3.94e-06,333152.0,1.33
1586822400.0,2020-04-14,MANABTC,3.86e-06,3.97e-06,3.82e-06,3.95e-06,220801.05,0.8659
1586736000.0,2020-04-13,MANABTC,3.85e-06,3.95e-06,3.84e-06,3.86e-06,199539.65,0.7801
1586649600.0,2020-04-12,MANABTC,3.85e-06,3.93e-06,3.8e-06,3.85e-06,91952.63,0.3547
1586563200.0,2020-04-11,MANABTC,3.88e-06,3.91e-06,3.83e-06,3.85e-06,35602.79,0.1374
1586476800.0,2020-04-10,MANABTC,3.94e-06,3.95e-06,3.78e-06,3.88e-06,432594.18,1.66
1586390400.0,2020-04-09,MANABTC,3.85e-06,4.05e-06,3.85e-06,3.94e-06,572492.03,2.265
1586304000.0,2020-04-08,MANABTC,3.82e-06,3.91e-06,3.79e-06,3.85e-06,279017.01,1.077
1586217600.0,2020-04-07,MANABTC,3.84e-06,3.86e-06,3.75e-06,3.82e-06,424342.74,1.61
1586131200.0,2020-04-06,MANABTC,3.85e-06,3.87e-06,3.75e-06,3.84e-06,292862.36,1.114
1586044800.0,2020-04-05,MANABTC,3.83e-06,3.91e-06,3.8e-06,3.85e-06,241148.15,0.9293
1585958400.0,2020-04-04,MANABTC,3.79e-06,3.91e-06,3.78e-06,3.83e-06,103260.84,0.3952
1585872000.0,2020-04-03,MANABTC,3.84e-06,3.85e-06,3.73e-06,3.79e-06,201964.5,0.7632
1585785600.0,2020-04-02,MANABTC,3.95e-06,3.95e-06,3.71e-06,3.84e-06,288144.79,1.105
1585699200.0,2020-04-01,MANABTC,4.09e-06,4.14e-06,3.95e-06,3.95e-06,733684.58,2.974
1585612800.0,2020-03-31,MANABTC,3.91e-06,4.09e-06,3.85e-06,4.09e-06,711169.37,2.809
1585526400.0,2020-03-30,MANABTC,3.76e-06,4.1e-06,3.75e-06,3.91e-06,1033903.79,4.027
1585440000.0,2020-03-29,MANABTC,3.89e-06,3.91e-06,3.75e-06,3.76e-06,560796.27,2.132
1585353600.0,2020-03-28,MANABTC,3.79e-06,3.89e-06,3.75e-06,3.89e-06,385194.73,1.461
1585267200.0,2020-03-27,MANABTC,3.82e-06,3.86e-06,3.72e-06,3.79e-06,673575.5,2.561
1585180800.0,2020-03-26,MANABTC,3.83e-06,3.83e-06,3.72e-06,3.82e-06,212163.22,0.7975
1585094400.0,2020-03-25,MANABTC,3.96e-06,3.97e-06,3.7e-06,3.83e-06,369809.32,1.415
1585008000.0,2020-03-24,MANABTC,3.93e-06,4.99e-06,3.88e-06,3.96e-06,3081351.44,13.53
1584921600.0,2020-03-23,MANABTC,3.97e-06,4.05e-06,3.83e-06,3.93e-06,899205.67,3.512
1584835200.0,2020-03-22,MANABTC,4.0e-06,4.21e-06,3.97e-06,3.97e-06,373211.86,1.53
1584748800.0,2020-03-21,MANABTC,3.95e-06,4.15e-06,3.93e-06,4.0e-06,433438.54,1.754
1584662400.0,2020-03-20,MANABTC,4.2e-06,4.38e-06,3.9e-06,4.06e-06,873752.04,3.601
1584576000.0,2020-03-19,MANABTC,4.11e-06,4.46e-06,3.99e-06,4.05e-06,1658822.84,6.991
1584489600.0,2020-03-18,MANABTC,4.22e-06,4.28e-06,3.99e-06,4.07e-06,1008377.8,4.101
1584403200.0,2020-03-17,MANABTC,4.36e-06,4.45e-06,4.36e-06,4.44e-06,2659.35,0.01183
1584316800.0,2020-03-16,MANABTC,4.6e-06,4.68e-06,4.06e-06,4.36e-06,773202.64,3.339
1584230400.0,2020-03-15,MANABTC,4.55e-06,4.69e-06,4.34e-06,4.6e-06,401701.7,1.831
1584144000.0,2020-03-14,MANABTC,4.13e-06,4.54e-06,4.05e-06,4.37e-06,1215173.59,5.191
1584057600.0,2020-03-13,MANABTC,3.76e-06,4.15e-06,3.4e-06,4.13e-06,1981339.27,7.402
1583971200.0,2020-03-12,MANABTC,4.42e-06,4.42e-06,3.64e-06,3.76e-06,1953715.09,7.561
1583884800.0,2020-03-11,MANABTC,4.65e-06,4.71e-06,4.29e-06,4.42e-06,824329.75,3.693
1583798400.0,2020-03-10,MANABTC,4.4e-06,4.65e-06,4.4e-06,4.65e-06,386688.8,1.745
1583712000.0,2020-03-09,MANABTC,4.54e-06,4.65e-06,4.34e-06,4.4e-06,452009.55,2.046
1583625600.0,2020-03-08,MANABTC,4.92e-06,4.93e-06,4.5e-06,4.54e-06,773689.01,3.651
1583539200.0,2020-03-07,MANABTC,5.36e-06,5.36e-06,4.78e-06,4.92e-06,647805.79,3.216
1583452800.0,2020-03-06,MANABTC,5.24e-06,5.4e-06,5.13e-06,5.36e-06,328505.82,1.73
1583366400.0,2020-03-05,MANABTC,5.4e-06,5.4e-06,5.04e-06,5.26e-06,452009.19,2.339
1583280000.0,2020-03-04,MANABTC,4.74e-06,5.41e-06,4.74e-06,5.41e-06,946159.4,4.845
1583193600.0,2020-03-03,MANABTC,4.69e-06,4.81e-06,4.62e-06,4.8e-06,241252.92,1.14
1583107200.0,2020-03-02,MANABTC,4.35e-06,4.78e-06,4.33e-06,4.69e-06,715283.17,3.315
1583020800.0,2020-03-01,MANABTC,4.32e-06,4.51e-06,4.28e-06,4.35e-06,444572.99,1.951
1582934400.0,2020-02-29,MANABTC,4.57e-06,4.7e-06,4.32e-06,4.32e-06,517966.86,2.297
1582848000.0,2020-02-28,MANABTC,4.58e-06,4.84e-06,4.48e-06,4.67e-06,664646.2,3.125
1582761600.0,2020-02-27,MANABTC,4.3e-06,4.72e-06,4.29e-06,4.58e-06,697802.95,3.201
1582675200.0,2020-02-26,MANABTC,4.7e-06,4.7e-06,4.18e-06,4.39e-06,7312700.17,32.5
1582588800.0,2020-02-25,MANABTC,5.32e-06,5.35e-06,4.61e-06,4.67e-06,5347316.78,25.19
1582502400.0,2020-02-24,MANABTC,5.74e-06,5.9e-06,5.27e-06,5.3e-06,1546189.3,8.725
1582416000.0,2020-02-23,MANABTC,5.3e-06,5.86e-06,5.2e-06,5.83e-06,4004657.72,22.28
1582329600.0,2020-02-22,MANABTC,5.7e-06,5.74e-06,5.25e-06,5.3e-06,716589.16,3.894
1582243200.0,2020-02-21,MANABTC,5.62e-06,6.01e-06,5.53e-06,5.7e-06,1099857.88,6.3
1582156800.0,2020-02-20,MANABTC,6.38e-06,6.6e-06,5.47e-06,5.62e-06,2058435.5,12.22
1582070400.0,2020-02-19,MANABTC,6.46e-06,6.7e-06,5.8e-06,6.02e-06,1606363.29,10.01
1581984000.0,2020-02-18,MANABTC,5.9e-06,6.93e-06,5.9e-06,6.42e-06,3228268.69,20.82
1581897600.0,2020-02-17,MANABTC,5.67e-06,5.86e-06,5.11e-06,5.74e-06,1186127.58,6.614
1581811200.0,2020-02-16,MANABTC,5.79e-06,5.92e-06,5.17e-06,5.67e-06,1047981.06,5.881
1581724800.0,2020-02-15,MANABTC,6.05e-06,6.56e-06,5.6e-06,5.79e-06,2098655.41,12.83
1581638400.0,2020-02-14,MANABTC,5.92e-06,6.05e-06,5.77e-06,5.97e-06,2096978.85,12.38
1581552000.0,2020-02-13,MANABTC,6.06e-06,6.12e-06,5.75e-06,5.92e-06,2497516.05,14.98
1581465600.0,2020-02-12,MANABTC,6.26e-06,6.59e-06,5.94e-06,6.06e-06,2220944.33,13.86
1581379200.0,2020-02-11,MANABTC,6.11e-06,6.57e-06,5.87e-06,6.24e-06,1592323.9,9.836
1581292800.0,2020-02-10,MANABTC,6.34e-06,6.34e-06,5.59e-06,6.11e-06,3264425.94,19.34
1581206400.0,2020-02-09,MANABTC,5.71e-06,6.87e-06,5.7e-06,6.37e-06,4125360.0,26.0
1581120000.0,2020-02-08,MANABTC,5.21e-06,5.96e-06,5.11e-06,5.69e-06,2974761.97,16.66
1581033600.0,2020-02-07,MANABTC,4.82e-06,5.35e-06,4.63e-06,5.21e-06,1659756.79,8.417
1580947200.0,2020-02-06,MANABTC,4.48e-06,4.95e-06,4.48e-06,4.84e-06,1143304.55,5.476
1580860800.0,2020-02-05,MANABTC,4.6e-06,5.16e-06,4.43e-06,4.48e-06,2566053.29,12.31
1580774400.0,2020-02-04,MANABTC,4.16e-06,4.76e-06,4.16e-06,4.6e-06,2357167.29,10.69
1580688000.0,2020-02-03,MANABTC,4.04e-06,4.25e-06,4.0e-06,4.2e-06,570435.45,2.397
1580601600.0,2020-02-02,MANABTC,3.8e-06,4.07e-06,3.8e-06,4.01e-06,994060.12,3.973
1580515200.0,2020-02-01,MANABTC,3.74e-06,3.84e-06,3.74e-06,3.8e-06,243180.71,0.9241
1580428800.0,2020-01-31,MANABTC,3.79e-06,3.79e-06,3.74e-06,3.74e-06,291366.14,1.094
1580342400.0,2020-01-30,MANABTC,3.89e-06,3.93e-06,3.67e-06,3.79e-06,595391.93,2.271
1580256000.0,2020-01-29,MANABTC,3.79e-06,3.9e-06,3.77e-06,3.89e-06,382502.49,1.464
1580169600.0,2020-01-28,MANABTC,3.92e-06,3.92e-06,3.79e-06,3.79e-06,251640.66,0.969
1580083200.0,2020-01-27,MANABTC,4.04e-06,4.09e-06,3.89e-06,3.94e-06,753317.42,2.969
1579996800.0,2020-01-26,MANABTC,4.0e-06,4.15e-06,4.0e-06,4.08e-06,233787.32,0.9565
1579910400.0,2020-01-25,MANABTC,3.98e-06,3.98e-06,3.94e-06,3.94e-06,1223.43,0.004829
1579824000.0,2020-01-24,MANABTC,3.97e-06,4.12e-06,3.92e-06,3.98e-06,396440.38,1.596
1579737600.0,2020-01-23,MANABTC,3.92e-06,3.97e-06,3.82e-06,3.97e-06,402837.05,1.566
1579651200.0,2020-01-22,MANABTC,3.9e-06,3.98e-06,3.88e-06,3.92e-06,407822.83,1.606
1579564800.0,2020-01-21,MANABTC,4.03e-06,4.07e-06,3.85e-06,3.9e-06,1120004.22,4.425
1579478400.0,2020-01-20,MANABTC,4.13e-06,4.27e-06,3.97e-06,4.03e-06,289582.13,1.191
1579392000.0,2020-01-19,MANABTC,4.17e-06,4.22e-06,3.91e-06,4.13e-06,651536.42,2.637
1579305600.0,2020-01-18,MANABTC,4.28e-06,4.3e-06,4.13e-06,4.17e-06,332075.8,1.397
1579219200.0,2020-01-17,MANABTC,4.17e-06,4.36e-06,4.08e-06,4.28e-06,689932.62,2.922
1579132800.0,2020-01-16,MANABTC,4.05e-06,4.5e-06,4.05e-06,4.17e-06,1312593.72,5.659
1579046400.0,2020-01-15,MANABTC,3.78e-06,4.29e-06,3.7e-06,4.05e-06,2482705.41,10.11
1578960000.0,2020-01-14,MANABTC,3.94e-06,3.94e-06,3.68e-06,3.78e-06,321915.99,1.215
1578873600.0,2020-01-13,MANABTC,3.98e-06,4.0e-06,3.96e-06,3.96e-06,113431.24,0.4514
1578787200.0,2020-01-12,MANABTC,3.91e-06,4.04e-06,3.9e-06,3.98e-06,79397.95,0.3173
1578700800.0,2020-01-11,MANABTC,3.91e-06,3.91e-06,3.91e-06,3.91e-06,48600.0,0.19
1578614400.0,2020-01-10,MANABTC,4.27e-06,4.29e-06,3.88e-06,3.91e-06,679172.74,2.707
1578528000.0,2020-01-09,MANABTC,4.26e-06,4.29e-06,4.24e-06,4.29e-06,6615.18,0.02805
1578441600.0,2020-01-08,MANABTC,3.98e-06,4.33e-06,3.92e-06,4.26e-06,706513.44,2.897
1578355200.0,2020-01-07,MANABTC,4.72e-06,4.79e-06,4.07e-06,4.11e-06,851848.7,3.758
1578268800.0,2020-01-06,MANABTC,4.92e-06,4.94e-06,4.71e-06,4.72e-06,670401.64,3.217
1578182400.0,2020-01-05,MANABTC,4.82e-06,5.08e-06,4.77e-06,4.92e-06,404784.65,2.009
1578096000.0,2020-01-04,MANABTC,4.5e-06,4.92e-06,4.38e-06,4.82e-06,386037.85,1.805
1578009600.0,2020-01-03,MANABTC,4.71e-06,4.75e-06,4.45e-06,4.5e-06,260322.86,1.189
1577923200.0,2020-01-02,MANABTC,4.39e-06,4.73e-06,4.3e-06,4.71e-06,548170.81,2.469
1577836800.0,2020-01-01,MANABTC,4.19e-06,4.45e-06,4.14e-06,4.39e-06,189352.13,0.8002
1577750400.0,2019-12-31,MANABTC,4.33e-06,4.48e-06,4.17e-06,4.19e-06,998494.09,4.303
1577664000.0,2019-12-30,MANABTC,4.44e-06,4.64e-06,4.32e-06,4.33e-06,256093.11,1.14
1577577600.0,2019-12-29,MANABTC,4.73e-06,4.77e-06,4.32e-06,4.44e-06,804396.14,3.62
1577491200.0,2019-12-28,MANABTC,4.75e-06,4.91e-06,4.57e-06,4.79e-06,597255.1,2.849
1577404800.0,2019-12-27,MANABTC,4.69e-06,5.14e-06,4.49e-06,4.73e-06,1931655.93,9.343
1577318400.0,2019-12-26,MANABTC,4.25e-06,4.76e-06,4.2e-06,4.69e-06,3032919.42,13.91
1577232000.0,2019-12-25,MANABTC,4.1e-06,4.25e-06,4.01e-06,4.25e-06,438986.28,1.828
1577145600.0,2019-12-24,MANABTC,3.88e-06,4.16e-06,3.86e-06,4.1e-06,541129.12,2.164
1577059200.0,2019-12-23,MANABTC,3.89e-06,3.98e-06,3.75e-06,3.88e-06,283596.36,1.086
1576972800.0,2019-12-22,MANABTC,4.13e-06,4.15e-06,3.82e-06,3.89e-06,776748.82,3.071
1576886400.0,2019-12-21,MANABTC,4.22e-06,4.22e-06,3.93e-06,4.13e-06,1391769.7,5.708
1576800000.0,2019-12-20,MANABTC,3.84e-06,4.34e-06,3.78e-06,4.07e-06,5529624.02,22.39
1576713600.0,2019-12-19,MANABTC,3.55e-06,3.85e-06,3.51e-06,3.84e-06,3447021.09,12.98
1576627200.0,2019-12-18,MANABTC,3.89e-06,4.12e-06,3.59e-06,3.6e-06,2126973.27,8.299
1576540800.0,2019-12-17,MANABTC,3.81e-06,3.89e-06,3.56e-06,3.89e-06,1947770.25,7.235
1576454400.0,2019-12-16,MANABTC,3.7e-06,4.1e-06,3.68e-06,3.81e-06,1071080.95,4.131
1576368000.0,2019-12-15,MANABTC,3.58e-06,3.58e-06,3.58e-06,3.58e-06,0.0,0.0
1576281600.0,2019-12-14,MANABTC,3.62e-06,3.65e-06,3.53e-06,3.58e-06,109513.21,0.3937
1576195200.0,2019-12-13,MANABTC,3.56e-06,3.56e-06,3.56e-06,3.56e-06,50000.0,0.178
1576108800.0,2019-12-12,MANABTC,3.78e-06,3.78e-06,3.52e-06,3.56e-06,1117494.46,4.051
1576022400.0,2019-12-11,MANABTC,3.81e-06,3.93e-06,3.65e-06,3.85e-06,481380.19,1.821
1575936000.0,2019-12-10,MANABTC,3.57e-06,3.89e-06,3.36e-06,3.81e-06,2594377.62,9.341
1575849600.0,2019-12-09,MANABTC,3.59e-06,3.87e-06,3.46e-06,3.61e-06,1700651.25,6.155
1575763200.0,2019-12-08,MANABTC,3.33e-06,3.75e-06,3.33e-06,3.59e-06,1332294.32,4.675
1575676800.0,2019-12-07,MANABTC,3.34e-06,3.34e-06,3.31e-06,3.34e-06,41965.77,0.1394
1575590400.0,2019-12-06,MANABTC,3.3e-06,3.4e-06,3.27e-06,3.34e-06,444536.41,1.48
1575504000.0,2019-12-05,MANABTC,3.26e-06,3.35e-06,3.16e-06,3.3e-06,620270.35,2.019
1575417600.0,2019-12-04,MANABTC,3.32e-06,3.36e-06,3.32e-06,3.36e-06,5408.08,0.01812
1575331200.0,2019-12-03,MANABTC,3.27e-06,3.35e-06,3.25e-06,3.32e-06,369911.16,1.22
1575244800.0,2019-12-02,MANABTC,3.31e-06,3.31e-06,3.31e-06,3.31e-06,0.0,0.0
1575158400.0,2019-12-01,MANABTC,3.36e-06,3.42e-06,3.29e-06,3.31e-06,697042.83,2.333
1575072000.0,2019-11-30,MANABTC,3.39e-06,3.45e-06,3.25e-06,3.36e-06,455376.75,1.535
1574985600.0,2019-11-29,MANABTC,3.39e-06,3.48e-06,3.25e-06,3.39e-06,1073805.76,3.623
1574899200.0,2019-11-28,MANABTC,3.41e-06,3.72e-06,3.29e-06,3.39e-06,2323469.35,8.082
1574812800.0,2019-11-27,MANABTC,3.14e-06,4.02e-06,3.07e-06,3.27e-06,10133492.27,36.51
1574726400.0,2019-11-26,MANABTC,3.03e-06,3.16e-06,3.01e-06,3.14e-06,946200.94,2.906
1574640000.0,2019-11-25,MANABTC,2.97e-06,3.07e-06,2.86e-06,3.03e-06,1518118.63,4.542
1574553600.0,2019-11-24,MANABTC,3.19e-06,3.2e-06,2.96e-06,2.97e-06,1531865.32,4.694
1574467200.0,2019-11-23,MANABTC,3.17e-06,3.17e-06,3.15e-06,3.15e-06,13200.0,0.04158
1574380800.0,2019-11-22,MANABTC,3.27e-06,3.4e-06,3.15e-06,3.17e-06,858800.16,2.805
1574294400.0,2019-11-21,MANABTC,3.28e-06,3.35e-06,3.22e-06,3.27e-06,671460.43,2.212
1574208000.0,2019-11-20,MANABTC,3.36e-06,3.39e-06,3.28e-06,3.28e-06,498141.4,1.667
1574121600.0,2019-11-19,MANABTC,3.5e-06,3.51e-06,3.31e-06,3.36e-06,496044.07,1.681
1574035200.0,2019-11-18,MANABTC,3.43e-06,3.57e-06,3.43e-06,3.5e-06,672234.27,2.362
1573948800.0,2019-11-17,MANABTC,3.4e-06,3.46e-06,3.39e-06,3.43e-06,222118.6,0.7627
1573862400.0,2019-11-16,MANABTC,3.39e-06,3.42e-06,3.39e-06,3.42e-06,24308.6,0.08265
1573776000.0,2019-11-15,MANABTC,3.4e-06,3.44e-06,3.37e-06,3.39e-06,81333.86,0.2773
1573689600.0,2019-11-14,MANABTC,3.42e-06,3.42e-06,3.4e-06,3.41e-06,332.24,0.001131
1573603200.0,2019-11-13,MANABTC,3.39e-06,3.46e-06,3.38e-06,3.42e-06,230123.81,0.7883
1573516800.0,2019-11-12,MANABTC,3.43e-06,3.45e-06,3.43e-06,3.43e-06,830.63,0.002854
1573430400.0,2019-11-11,MANABTC,3.4e-06,3.43e-06,3.36e-06,3.43e-06,299529.12,1.017
1573344000.0,2019-11-10,MANABTC,3.45e-06,3.45e-06,3.45e-06,3.45e-06,0.0,0.0
1573257600.0,2019-11-09,MANABTC,3.41e-06,3.49e-06,3.4e-06,3.45e-06,622647.47,2.14
1573171200.0,2019-11-08,MANABTC,3.41e-06,3.42e-06,3.3e-06,3.41e-06,295455.33,0.9993
1573084800.0,2019-11-07,MANABTC,3.36e-06,3.36e-06,3.36e-06,3.36e-06,0.0,0.0
1572998400.0,2019-11-06,MANABTC,3.37e-06,3.38e-06,3.36e-06,3.36e-06,1217.5,0.004095
1572912000.0,2019-11-05,MANABTC,3.36e-06,3.39e-06,3.32e-06,3.37e-06,240254.69,0.8005
1572825600.0,2019-11-04,MANABTC,3.4e-06,3.43e-06,3.4e-06,3.4e-06,13295.91,0.04559
1572739200.0,2019-11-03,MANABTC,3.37e-06,3.42e-06,3.36e-06,3.4e-06,118776.25,0.4023
1572652800.0,2019-11-02,MANABTC,3.47e-06,3.47e-06,3.47e-06,3.47e-06,0.0,0.0
1572566400.0,2019-11-01,MANABTC,3.44e-06,3.6e-06,3.41e-06,3.47e-06,357966.69,1.247
1572480000.0,2019-10-31,MANABTC,3.35e-06,3.46e-06,3.33e-06,3.44e-06,247344.81,0.8399
1572393600.0,2019-10-30,MANABTC,3.33e-06,3.38e-06,3.31e-06,3.35e-06,196033.35,0.6528
1572307200.0,2019-10-29,MANABTC,3.42e-06,3.43e-06,3.4e-06,3.42e-06,7842.64,0.02676
1572220800.0,2019-10-28,MANABTC,3.3e-06,3.44e-06,3.27e-06,3.42e-06,640075.73,2.15
1572134400.0,2019-10-27,MANABTC,3.52e-06,3.53e-06,3.21e-06,3.34e-06,740756.93,2.505
1572048000.0,2019-10-26,MANABTC,3.36e-06,3.65e-06,3.24e-06,3.52e-06,3699360.71,12.83
1571961600.0,2019-10-25,MANABTC,3.65e-06,3.7e-06,3.29e-06,3.36e-06,835930.27,2.892
1571875200.0,2019-10-24,MANABTC,3.6e-06,3.62e-06,3.6e-06,3.61e-06,14790.83,0.05343
1571788800.0,2019-10-23,MANABTC,3.62e-06,3.66e-06,3.46e-06,3.6e-06,649038.62,2.295
1571702400.0,2019-10-22,MANABTC,3.64e-06,3.67e-06,3.64e-06,3.67e-06,155.85,0.000572
1571616000.0,2019-10-21,MANABTC,3.57e-06,3.7e-06,3.57e-06,3.64e-06,396563.28,1.436
1571529600.0,2019-10-20,MANABTC,3.72e-06,3.72e-06,3.68e-06,3.68e-06,361.34,0.001334
1571443200.0,2019-10-19,MANABTC,3.73e-06,3.78e-06,3.65e-06,3.72e-06,255987.7,0.9496
1571356800.0,2019-10-18,MANABTC,3.95e-06,3.95e-06,3.67e-06,3.73e-06,663914.86,2.509
1571270400.0,2019-10-17,MANABTC,4.09e-06,4.09e-06,4.08e-06,4.08e-06,63132.91,0.2576
1571184000.0,2019-10-16,MANABTC,4.03e-06,4.22e-06,3.93e-06,4.09e-06,1534403.8,6.205
1571097600.0,2019-10-15,MANABTC,3.91e-06,4.05e-06,3.78e-06,4.03e-06,795635.02,3.12
1571011200.0,2019-10-14,MANABTC,3.87e-06,4.1e-06,3.81e-06,3.91e-06,1020193.34,4.013
1570924800.0,2019-10-13,MANABTC,3.81e-06,3.88e-06,3.78e-06,3.87e-06,940738.65,3.608
1570838400.0,2019-10-12,MANABTC,3.81e-06,3.89e-06,3.74e-06,3.82e-06,1340253.88,5.132
1570752000.0,2019-10-11,MANABTC,3.49e-06,3.74e-06,3.35e-06,3.71e-06,767392.65,2.727
1570665600.0,2019-10-10,MANABTC,3.65e-06,3.69e-06,3.46e-06,3.49e-06,1328740.71,4.738
1570579200.0,2019-10-09,MANABTC,3.84e-06,3.99e-06,3.45e-06,3.65e-06,1213484.43,4.455
1570492800.0,2019-10-08,MANABTC,3.68e-06,4.16e-06,3.67e-06,3.84e-06,2482839.76,9.814
1570406400.0,2019-10-07,MANABTC,3.55e-06,3.75e-06,3.52e-06,3.68e-06,627192.17,2.257
1570320000.0,2019-10-06,MANABTC,3.78e-06,3.78e-06,3.51e-06,3.55e-06,453687.51,1.625
1570233600.0,2019-10-05,MANABTC,3.77e-06,3.78e-06,3.61e-06,3.78e-06,436841.11,1.615
1570147200.0,2019-10-04,MANABTC,3.54e-06,3.82e-06,3.49e-06,3.77e-06,982115.67,3.595
1570060800.0,2019-10-03,MANABTC,3.32e-06,3.56e-06,3.31e-06,3.54e-06,1331763.97,4.615
1569974400.0,2019-10-02,MANABTC,3.28e-06,3.28e-06,3.28e-06,3.28e-06,0.0,0.0
1569888000.0,2019-10-01,MANABTC,3.26e-06,3.37e-06,3.19e-06,3.28e-06,830501.23,2.711
1569801600.0,2019-09-30,MANABTC,3.33e-06,3.4e-06,3.19e-06,3.27e-06,1037792.29,3.431
1569715200.0,2019-09-29,MANABTC,3.32e-06,3.32e-06,3.32e-06,3.32e-06,0.0,0.0
1569628800.0,2019-09-28,MANABTC,3.39e-06,3.39e-06,3.28e-06,3.32e-06,646705.97,2.153
1569542400.0,2019-09-27,MANABTC,3.32e-06,3.47e-06,3.31e-06,3.39e-06,1300489.17,4.41
1569456000.0,2019-09-26,MANABTC,3.26e-06,3.5e-06,3.21e-06,3.34e-06,2268913.78,7.59
1569369600.0,2019-09-25,MANABTC,3.11e-06,3.14e-06,3.11e-06,3.11e-06,12199.74,0.03817
1569283200.0,2019-09-24,MANABTC,3.18e-06,3.35e-06,3.09e-06,3.11e-06,2059419.38,6.608
1569196800.0,2019-09-23,MANABTC,3.25e-06,3.25e-06,3.25e-06,3.25e-06,1056.3,0.003433
1569110400.0,2019-09-22,MANABTC,3.36e-06,3.37e-06,3.21e-06,3.25e-06,513613.89,1.686
1569024000.0,2019-09-21,MANABTC,3.37e-06,3.43e-06,3.33e-06,3.36e-06,810452.55,2.749
1568937600.0,2019-09-20,MANABTC,3.21e-06,3.43e-06,3.18e-06,3.37e-06,611672.52,2.039
1568851200.0,2019-09-19,MANABTC,3.33e-06,3.36e-06,3.18e-06,3.21e-06,275068.37,0.9015
1568764800.0,2019-09-18,MANABTC,3.26e-06,3.38e-06,3.15e-06,3.32e-06,418628.54,1.364
1568678400.0,2019-09-17,MANABTC,3.13e-06,3.3e-06,3.13e-06,3.26e-06,809139.75,2.604
1568592000.0,2019-09-16,MANABTC,3.07e-06,3.21e-06,3.06e-06,3.13e-06,622437.11,1.942
1568505600.0,2019-09-15,MANABTC,3.06e-06,3.06e-06,3.06e-06,3.06e-06,0.0,0.0
1568419200.0,2019-09-14,MANABTC,2.99e-06,3.09e-06,2.95e-06,3.06e-06,244581.78,0.7339
1568332800.0,2019-09-13,MANABTC,2.96e-06,2.96e-06,2.96e-06,2.96e-06,0.0,0.0
1568246400.0,2019-09-12,MANABTC,3.08e-06,3.13e-06,2.95e-06,2.96e-06,631674.02,1.936
1568160000.0,2019-09-11,MANABTC,3.21e-06,3.24e-06,3.08e-06,3.08e-06,369014.48,1.164
1568073600.0,2019-09-10,MANABTC,3.16e-06,3.28e-06,3.14e-06,3.21e-06,1269369.31,4.064
1567987200.0,2019-09-09,MANABTC,3.08e-06,3.16e-06,3.05e-06,3.14e-06,436056.07,1.356
1567900800.0,2019-09-08,MANABTC,3.05e-06,3.13e-06,3.03e-06,3.07e-06,602423.83,1.853
1567814400.0,2019-09-07,MANABTC,3.07e-06,3.07e-06,3.07e-06,3.07e-06,6423.77,0.01972
1567728000.0,2019-09-06,MANABTC,3.09e-06,3.09e-06,2.89e-06,3.07e-06,1088801.21,3.253
1567641600.0,2019-09-05,MANABTC,3.29e-06,3.61e-06,3.12e-06,3.12e-06,1572287.4,5.226
1567555200.0,2019-09-04,MANABTC,2.99e-06,4.11e-06,2.98e-06,3.29e-06,15984266.95,56.09
1567468800.0,2019-09-03,MANABTC,3.04e-06,3.18e-06,2.95e-06,2.99e-06,1632401.51,4.989
1567382400.0,2019-09-02,MANABTC,3.24e-06,3.26e-06,3.0e-06,3.04e-06,397068.53,1.239
1567296000.0,2019-09-01,MANABTC,3.3e-06,3.33e-06,3.21e-06,3.24e-06,587234.96,1.903
1567209600.0,2019-08-31,MANABTC,3.32e-06,3.39e-06,3.28e-06,3.34e-06,420772.27,1.396
1567123200.0,2019-08-30,MANABTC,3.29e-06,3.31e-06,3.29e-06,3.3e-06,17781.36,0.05883
1567036800.0,2019-08-29,MANABTC,3.27e-06,3.31e-06,3.2e-06,3.29e-06,941843.74,3.063
1566950400.0,2019-08-28,MANABTC,3.46e-06,3.55e-06,3.14e-06,3.27e-06,1728643.25,5.872
1566864000.0,2019-08-27,MANABTC,3.42e-06,3.55e-06,3.4e-06,3.46e-06,1694676.42,5.923
1566777600.0,2019-08-26,MANABTC,3.41e-06,3.5e-06,3.37e-06,3.42e-06,594753.39,2.044
1566691200.0,2019-08-25,MANABTC,3.74e-06,3.78e-06,3.51e-06,3.57e-06,471322.13,1.723
1566604800.0,2019-08-24,MANABTC,3.52e-06,3.79e-06,3.47e-06,3.74e-06,2507538.51,9.184
1566518400.0,2019-08-23,MANABTC,3.42e-06,3.47e-06,3.3e-06,3.35e-06,382657.76,1.292
1566432000.0,2019-08-22,MANABTC,3.41e-06,3.41e-06,3.4e-06,3.4e-06,9033.78,0.03071
1566345600.0,2019-08-21,MANABTC,3.27e-06,3.53e-06,3.23e-06,3.41e-06,2640964.25,8.872
1566259200.0,2019-08-20,MANABTC,3.46e-06,3.46e-06,3.19e-06,3.27e-06,1112641.98,3.645
1566172800.0,2019-08-19,MANABTC,3.55e-06,3.55e-06,3.41e-06,3.46e-06,334825.33,1.16
1566086400.0,2019-08-18,MANABTC,3.5e-06,3.58e-06,3.46e-06,3.55e-06,332979.95,1.18
1566000000.0,2019-08-17,MANABTC,3.34e-06,3.34e-06,3.34e-06,3.34e-06,0.0,0.0
1565913600.0,2019-08-16,MANABTC,3.47e-06,3.55e-06,3.31e-06,3.34e-06,616497.59,2.111
1565827200.0,2019-08-15,MANABTC,3.68e-06,3.69e-06,3.43e-06,3.47e-06,1390860.44,4.897
1565740800.0,2019-08-14,MANABTC,3.7e-06,3.77e-06,3.58e-06,3.68e-06,784130.75,2.887
1565654400.0,2019-08-13,MANABTC,3.53e-06,3.73e-06,3.43e-06,3.7e-06,349348.94,1.257
1565568000.0,2019-08-12,MANABTC,3.51e-06,3.68e-06,3.5e-06,3.53e-06,1409924.96,5.068
1565481600.0,2019-08-11,MANABTC,3.48e-06,3.58e-06,3.41e-06,3.51e-06,383829.03,1.345
1565395200.0,2019-08-10,MANABTC,3.55e-06,3.61e-06,3.29e-06,3.48e-06,872978.92,2.993
1565308800.0,2019-08-09,MANABTC,3.41e-06,3.77e-06,3.38e-06,3.55e-06,1105591.51,3.915
1565222400.0,2019-08-08,MANABTC,3.31e-06,3.63e-06,3.31e-06,3.41e-06,900874.55,3.146
1565136000.0,2019-08-07,MANABTC,3.4e-06,3.64e-06,3.19e-06,3.31e-06,987210.58,3.403
1565049600.0,2019-08-06,MANABTC,3.29e-06,3.56e-06,3.11e-06,3.4e-06,1376642.78,4.659
1564963200.0,2019-08-05,MANABTC,3.55e-06,3.55e-06,3.27e-06,3.29e-06,712350.11,2.398
1564876800.0,2019-08-04,MANABTC,3.73e-06,3.75e-06,3.57e-06,3.59e-06,477351.64,1.751
1564790400.0,2019-08-03,MANABTC,3.84e-06,3.97e-06,3.72e-06,3.73e-06,556152.54,2.142
1564704000.0,2019-08-02,MANABTC,3.86e-06,3.9e-06,3.76e-06,3.84e-06,1498608.18,5.706
1564617600.0,2019-08-01,MANABTC,4.04e-06,4.09e-06,3.83e-06,3.86e-06,1817331.08,7.168
1564531200.0,2019-07-31,MANABTC,4.22e-06,4.24e-06,3.99e-06,4.04e-06,833619.96,3.422
1564444800.0,2019-07-30,MANABTC,4.32e-06,4.32e-06,4.26e-06,4.26e-06,168541.54,0.7207
1564358400.0,2019-07-29,MANABTC,4.33e-06,4.35e-06,4.24e-06,4.32e-06,221643.38,0.9497
1564272000.0,2019-07-28,MANABTC,4.33e-06,4.42e-06,4.25e-06,4.33e-06,557359.14,2.426
1564185600.0,2019-07-27,MANABTC,4.3e-06,4.36e-06,4.1e-06,4.35e-06,553213.08,2.346
1564099200.0,2019-07-26,MANABTC,4.25e-06,4.33e-06,4.23e-06,4.3e-06,342053.8,1.467
1564012800.0,2019-07-25,MANABTC,4.17e-06,4.26e-06,4.16e-06,4.25e-06,490873.44,2.072
1563926400.0,2019-07-24,MANABTC,4.17e-06,4.27e-06,4.12e-06,4.24e-06,846045.79,3.554
1563840000.0,2019-07-23,MANABTC,4.44e-06,4.62e-06,4.05e-06,4.17e-06,2264757.36,9.786
1563753600.0,2019-07-22,MANABTC,4.36e-06,4.49e-06,4.33e-06,4.44e-06,818561.95,3.614
1563667200.0,2019-07-21,MANABTC,4.4e-06,4.64e-06,4.31e-06,4.36e-06,848843.53,3.784
1563580800.0,2019-07-20,MANABTC,4.57e-06,4.65e-06,4.31e-06,4.4e-06,1778858.5,7.924
1563494400.0,2019-07-19,MANABTC,4.07e-06,5.07e-06,4.07e-06,4.57e-06,6694885.83,31.33
1563408000.0,2019-07-18,MANABTC,4.15e-06,4.19e-06,3.96e-06,4.07e-06,1106314.84,4.491
1563321600.0,2019-07-17,MANABTC,4.02e-06,4.2e-06,4.0e-06,4.15e-06,1113827.11,4.55
1563235200.0,2019-07-16,MANABTC,3.92e-06,4.09e-06,3.85e-06,4.02e-06,1163847.39,4.614
1563148800.0,2019-07-15,MANABTC,3.99e-06,4.12e-06,3.87e-06,3.92e-06,3182653.27,12.79
1563062400.0,2019-07-14,MANABTC,4.1e-06,4.21e-06,3.94e-06,3.99e-06,1107980.6,4.507
1562976000.0,2019-07-13,MANABTC,3.97e-06,4.18e-06,3.97e-06,4.1e-06,661802.51,2.712
1562889600.0,2019-07-12,MANABTC,3.98e-06,4.25e-06,3.95e-06,3.97e-06,1411027.16,5.75
1562803200.0,2019-07-11,MANABTC,4.07e-06,4.17e-06,3.89e-06,3.98e-06,1271986.12,5.103
1562716800.0,2019-07-10,MANABTC,4.25e-06,4.33e-06,3.82e-06,4.07e-06,3749103.06,15.1
1562630400.0,2019-07-09,MANABTC,4.17e-06,4.54e-06,4.04e-06,4.25e-06,3518692.6,15.02
1562544000.0,2019-07-08,MANABTC,4.57e-06,4.57e-06,4.1e-06,4.17e-06,3074511.97,13.2
1562457600.0,2019-07-07,MANABTC,4.61e-06,4.84e-06,4.51e-06,4.57e-06,2810673.43,13.23
1562371200.0,2019-07-06,MANABTC,4.95e-06,4.95e-06,4.45e-06,4.61e-06,3680587.99,16.96
1562284800.0,2019-07-05,MANABTC,5.3e-06,5.81e-06,4.92e-06,4.95e-06,7782084.86,41.84
1562198400.0,2019-07-04,MANABTC,4.41e-06,5.66e-06,4.28e-06,5.3e-06,22250773.02,112.84
1562112000.0,2019-07-03,MANABTC,4.26e-06,5.46e-06,4.03e-06,4.41e-06,9613547.42,46.42
1562025600.0,2019-07-02,MANABTC,4.54e-06,4.7e-06,4.2e-06,4.26e-06,1941837.51,8.562
1561939200.0,2019-07-01,MANABTC,4.61e-06,4.73e-06,4.43e-06,4.54e-06,1739157.38,7.939
1561852800.0,2019-06-30,MANABTC,4.21e-06,4.61e-06,4.14e-06,4.61e-06,1388724.11,6.015
1561766400.0,2019-06-29,MANABTC,3.75e-06,4.36e-06,3.75e-06,4.21e-06,2479707.48,10.24
1561680000.0,2019-06-28,MANABTC,4.07e-06,4.07e-06,3.69e-06,3.75e-06,2860082.52,11.08
1561593600.0,2019-06-27,MANABTC,3.86e-06,4.27e-06,3.65e-06,4.07e-06,2172364.62,8.639
1561507200.0,2019-06-26,MANABTC,4.41e-06,4.41e-06,3.68e-06,3.86e-06,5160923.62,20.77
1561420800.0,2019-06-25,MANABTC,4.91e-06,5.01e-06,4.41e-06,4.41e-06,5304778.54,24.6
1561334400.0,2019-06-24,MANABTC,4.95e-06,5.17e-06,4.88e-06,4.91e-06,1310028.63,6.564
1561248000.0,2019-06-23,MANABTC,5.16e-06,5.49e-06,4.79e-06,4.95e-06,2252581.46,11.47
1561161600.0,2019-06-22,MANABTC,5.5e-06,5.59e-06,4.79e-06,5.16e-06,3528761.73,17.95
1561075200.0,2019-06-21,MANABTC,5.98e-06,6.07e-06,5.5e-06,5.5e-06,2356728.11,13.87
1560988800.0,2019-06-20,MANABTC,6.3e-06,6.32e-06,5.91e-06,5.98e-06,2252697.93,13.54
1560902400.0,2019-06-19,MANABTC,6.21e-06,6.47e-06,6.09e-06,6.3e-06,2130862.51,13.43
1560816000.0,2019-06-18,MANABTC,6.07e-06,6.42e-06,6.0e-06,6.21e-06,2026356.75,12.44
1560729600.0,2019-06-17,MANABTC,6.31e-06,6.37e-06,6.05e-06,6.07e-06,1297444.77,8.067
1560643200.0,2019-06-16,MANABTC,6.62e-06,6.7e-06,6.05e-06,6.31e-06,2574833.76,16.17
1560556800.0,2019-06-15,MANABTC,6.63e-06,6.83e-06,6.53e-06,6.62e-06,969667.4,6.463
1560470400.0,2019-06-14,MANABTC,6.88e-06,7.17e-06,6.54e-06,6.63e-06,1445184.4,9.986
1560384000.0,2019-06-13,MANABTC,7.23e-06,7.29e-06,6.83e-06,6.88e-06,1090577.42,7.743
1560297600.0,2019-06-12,MANABTC,7.51e-06,7.51e-06,7.09e-06,7.23e-06,1177156.48,8.605
1560211200.0,2019-06-11,MANABTC,7.52e-06,7.66e-06,7.32e-06,7.51e-06,1207859.46,9.033
1560124800.0,2019-06-10,MANABTC,7.4e-06,8.07e-06,7.33e-06,7.52e-06,3536717.93,26.91
1560038400.0,2019-06-09,MANABTC,7.46e-06,8.2e-06,7.29e-06,7.4e-06,7474295.25,57.79
1559952000.0,2019-06-08,MANABTC,7.25e-06,7.57e-06,7.25e-06,7.46e-06,2389549.94,17.76
1559865600.0,2019-06-07,MANABTC,7.25e-06,7.6e-06,7.09e-06,7.25e-06,2291979.49,16.74
1559779200.0,2019-06-06,MANABTC,6.78e-06,7.59e-06,6.72e-06,7.25e-06,3028032.07,21.9
1559692800.0,2019-06-05,MANABTC,6.68e-06,6.87e-06,6.65e-06,6.78e-06,1257151.05,8.49
1559606400.0,2019-06-04,MANABTC,6.71e-06,6.96e-06,6.6e-06,6.68e-06,1247502.11,8.44
1559520000.0,2019-06-03,MANABTC,6.98e-06,7.11e-06,6.7e-06,6.71e-06,1477839.2,10.15
1559433600.0,2019-06-02,MANABTC,6.87e-06,7.1e-06,6.86e-06,6.98e-06,1903022.2,13.21
1559347200.0,2019-06-01,MANABTC,7.04e-06,7.1e-06,6.83e-06,6.87e-06,1363238.71,9.51
1559260800.0,2019-05-31,MANABTC,6.87e-06,7.63e-06,6.69e-06,7.04e-06,6477911.66,45.63
1559174400.0,2019-05-30,MANABTC,7.18e-06,7.36e-06,6.82e-06,6.87e-06,2930164.77,20.75
1559088000.0,2019-05-29,MANABTC,7.06e-06,8.16e-06,6.92e-06,7.18e-06,8858657.36,66.07
1559001600.0,2019-05-28,MANABTC,6.86e-06,7.27e-06,6.8e-06,7.06e-06,5959346.54,41.92
1558915200.0,2019-05-27,MANABTC,6.94e-06,7.11e-06,6.72e-06,6.86e-06,1591953.15,11.0
1558828800.0,2019-05-26,MANABTC,7.43e-06,8.07e-06,6.62e-06,6.94e-06,3247540.74,24.1
1558742400.0,2019-05-25,MANABTC,7.41e-06,7.85e-06,7.37e-06,7.43e-06,1327580.79,10.05
1558656000.0,2019-05-24,MANABTC,7.89e-06,8.7e-06,7.26e-06,7.41e-06,5522486.45,44.72
1558569600.0,2019-05-23,MANABTC,7.22e-06,8.2e-06,7.06e-06,7.89e-06,2404015.78,18.53
1558483200.0,2019-05-22,MANABTC,7.18e-06,7.71e-06,7.08e-06,7.22e-06,2635343.48,19.52
1558396800.0,2019-05-21,MANABTC,6.82e-06,7.48e-06,6.78e-06,7.18e-06,1514855.68,10.86
1558310400.0,2019-05-20,MANABTC,6.87e-06,6.98e-06,6.75e-06,6.82e-06,1211510.46,8.3
1558224000.0,2019-05-19,MANABTC,7.51e-06,7.51e-06,6.83e-06,6.87e-06,1423006.37,10.15
1558137600.0,2019-05-18,MANABTC,7.3e-06,7.83e-06,7.3e-06,7.51e-06,2554713.48,19.31
1558051200.0,2019-05-17,MANABTC,7.27e-06,7.5e-06,6.7e-06,7.3e-06,3554598.31,25.33
1557964800.0,2019-05-16,MANABTC,6.89e-06,7.7e-06,6.66e-06,7.27e-06,6113211.9,43.37
1557878400.0,2019-05-15,MANABTC,6.32e-06,7.36e-06,6.24e-06,6.89e-06,5580633.65,38.22
1557792000.0,2019-05-14,MANABTC,5.98e-06,6.44e-06,5.95e-06,6.32e-06,2382414.68,14.67
1557705600.0,2019-05-13,MANABTC,6.61e-06,7.85e-06,5.83e-06,5.98e-06,9339106.44,60.54
1557619200.0,2019-05-12,MANABTC,6.99e-06,7.03e-06,6.43e-06,6.61e-06,2569595.82,16.94
1557532800.0,2019-05-11,MANABTC,7.39e-06,7.49e-06,6.75e-06,6.99e-06,1460118.35,10.35
1557446400.0,2019-05-10,MANABTC,7.17e-06,7.66e-06,6.88e-06,7.39e-06,2898021.63,21.13
1557360000.0,2019-05-09,MANABTC,8.11e-06,8.11e-06,7.12e-06,7.17e-06,3316336.98,25.61
1557273600.0,2019-05-08,MANABTC,8.39e-06,8.39e-06,8.01e-06,8.11e-06,441694.1,3.6
1557187200.0,2019-05-07,MANABTC,8.87e-06,8.91e-06,8.43e-06,8.45e-06,202413.32,1.76
1557100800.0,2019-05-06,MANABTC,8.72e-06,9.0e-06,8.52e-06,8.87e-06,1488467.47,13.12
1557014400.0,2019-05-05,MANABTC,8.41e-06,8.87e-06,8.41e-06,8.72e-06,733774.0,6.36
1556928000.0,2019-05-04,MANABTC,9.05e-06,9.07e-06,8.33e-06,8.41e-06,885695.9,7.6
1556841600.0,2019-05-03,MANABTC,9.34e-06,9.43e-06,8.85e-06,9.05e-06,1575728.54,14.32
1556755200.0,2019-05-02,MANABTC,9.52e-06,9.52e-06,9.18e-06,9.34e-06,520520.12,4.87
1556668800.0,2019-05-01,MANABTC,9.58e-06,9.67e-06,9.36e-06,9.52e-06,337278.78,3.2
1556582400.0,2019-04-30,MANABTC,9.26e-06,9.64e-06,9.12e-06,9.58e-06,1306114.75,12.24
1556496000.0,2019-04-29,MANABTC,9.34e-06,9.47e-06,9.06e-06,9.26e-06,932557.2,8.64
1556409600.0,2019-04-28,MANABTC,9.4e-06,9.7e-06,9.19e-06,9.34e-06,1068881.24,10.13
1556323200.0,2019-04-27,MANABTC,9.34e-06,9.46e-06,9.14e-06,9.4e-06,746703.87,6.93
1556236800.0,2019-04-26,MANABTC,9.31e-06,9.8e-06,9.0e-06,9.34e-06,2892308.51,27.03
1556150400.0,2019-04-25,MANABTC,9.52e-06,9.73e-06,9.2e-06,9.31e-06,1500349.5,14.17
1556064000.0,2019-04-24,MANABTC,9.91e-06,1.003e-05,9.19e-06,9.52e-06,2037284.95,19.29
1555977600.0,2019-04-23,MANABTC,1.023e-05,1.048e-05,9.77e-06,9.91e-06,1637183.35,16.42
1555891200.0,2019-04-22,MANABTC,1.039e-05,1.048e-05,1.021e-05,1.023e-05,905588.89,9.33
1555804800.0,2019-04-21,MANABTC,1.089e-05,1.092e-05,1.028e-05,1.039e-05,1344360.18,14.18
1555718400.0,2019-04-20,MANABTC,1.103e-05,1.145e-05,1.087e-05,1.089e-05,1950238.87,21.77
1555632000.0,2019-04-19,MANABTC,1.06e-05,1.146e-05,1.055e-05,1.103e-05,2434964.72,26.83
1555545600.0,2019-04-18,MANABTC,1.046e-05,1.08e-05,1.044e-05,1.06e-05,1382063.42,14.68
1555459200.0,2019-04-17,MANABTC,1.086e-05,1.093e-05,1.037e-05,1.046e-05,1531139.89,16.22
1555372800.0,2019-04-16,MANABTC,1.035e-05,1.104e-05,1.034e-05,1.086e-05,3046605.71,32.5
1555286400.0,2019-04-15,MANABTC,1.077e-05,1.093e-05,1.03e-05,1.035e-05,1432303.09,15.2
1555200000.0,2019-04-14,MANABTC,1.093e-05,1.135e-05,1.067e-05,1.077e-05,2570013.64,28.19
1555113600.0,2019-04-13,MANABTC,1.044e-05,1.105e-05,1.035e-05,1.093e-05,2077528.92,22.37
1555027200.0,2019-04-12,MANABTC,1.041e-05,1.065e-05,1.005e-05,1.044e-05,912347.59,9.53
1554940800.0,2019-04-11,MANABTC,1.06e-05,1.063e-05,1.0e-05,1.041e-05,2359236.58,24.24
1554854400.0,2019-04-10,MANABTC,1.093e-05,1.129e-05,1.049e-05,1.06e-05,3190781.4,34.69
1554768000.0,2019-04-09,MANABTC,1.114e-05,1.205e-05,1.072e-05,1.093e-05,6418866.41,72.75
1554681600.0,2019-04-08,MANABTC,1.173e-05,1.181e-05,1.11e-05,1.114e-05,2422418.06,27.39
1554595200.0,2019-04-07,MANABTC,1.169e-05,1.235e-05,1.151e-05,1.173e-05,6089596.14,73.14
1554508800.0,2019-04-06,MANABTC,1.185e-05,1.2e-05,1.119e-05,1.169e-05,2098808.07,24.58
1554422400.0,2019-04-05,MANABTC,1.216e-05,1.225e-05,1.166e-05,1.185e-05,3424354.64,40.65
1554336000.0,2019-04-04,MANABTC,1.15e-05,1.219e-05,1.136e-05,1.216e-05,4028175.14,47.21
1554249600.0,2019-04-03,MANABTC,1.201e-05,1.229e-05,1.126e-05,1.15e-05,8042020.53,95.22
1554163200.0,2019-04-02,MANABTC,1.37e-05,1.376e-05,1.145e-05,1.201e-05,15120792.38,185.59
1554076800.0,2019-04-01,MANABTC,1.384e-05,1.414e-05,1.339e-05,1.37e-05,7451526.07,102.25
1552953600.0,2019-03-19,MANABTC,1.292e-05,1.324e-05,1.273e-05,1.273e-05,366518.67,4.75
1552867200.0,2019-03-18,MANABTC,1.245e-05,1.335e-05,1.24e-05,1.292e-05,3715130.88,48.06
1552780800.0,2019-03-17,MANABTC,1.221e-05,1.265e-05,1.205e-05,1.245e-05,716736.85,8.82
1552694400.0,2019-03-16,MANABTC,1.242e-05,1.289e-05,1.179e-05,1.221e-05,1159174.18,14.07
1552608000.0,2019-03-15,MANABTC,1.199e-05,1.283e-05,1.184e-05,1.242e-05,2794286.61,34.27
1552521600.0,2019-03-14,MANABTC,1.184e-05,1.214e-05,1.143e-05,1.199e-05,784076.51,9.21
1552435200.0,2019-03-13,MANABTC,1.208e-05,1.224e-05,1.163e-05,1.184e-05,1257048.36,15.0
1552348800.0,2019-03-12,MANABTC,1.149e-05,1.24e-05,1.115e-05,1.208e-05,1283571.23,15.0
1552262400.0,2019-03-11,MANABTC,1.229e-05,1.245e-05,1.116e-05,1.149e-05,2918821.2,34.64
1552176000.0,2019-03-10,MANABTC,1.195e-05,1.235e-05,1.162e-05,1.229e-05,2441597.77,29.25
1552089600.0,2019-03-09,MANABTC,1.154e-05,1.344e-05,1.122e-05,1.195e-05,10698430.79,132.18
1552003200.0,2019-03-08,MANABTC,1.055e-05,1.3e-05,1.055e-05,1.154e-05,22934984.48,274.95
1551916800.0,2019-03-07,MANABTC,1.076e-05,1.076e-05,1.038e-05,1.055e-05,1590463.09,16.8
1551830400.0,2019-03-06,MANABTC,1.109e-05,1.126e-05,1.057e-05,1.076e-05,1905191.97,20.55
1551744000.0,2019-03-05,MANABTC,1.065e-05,1.145e-05,1.053e-05,1.109e-05,3300908.71,35.96
1551657600.0,2019-03-04,MANABTC,1.062e-05,1.07e-05,9.95e-06,1.065e-05,3245682.22,33.36
1551571200.0,2019-03-03,MANABTC,1.1e-05,1.102e-05,1.053e-05,1.062e-05,1845449.36,19.83
1551484800.0,2019-03-02,MANABTC,1.106e-05,1.111e-05,1.033e-05,1.1e-05,3311172.76,35.62
1551398400.0,2019-03-01,MANABTC,1.109e-05,1.153e-05,1.092e-05,1.106e-05,1858171.41,20.95
1551312000.0,2019-02-28,MANABTC,1.109e-05,1.109e-05,1.109e-05,1.109e-05,0.0,0.0
1551225600.0,2019-02-27,MANABTC,1.27e-05,1.394e-05,1.083e-05,1.109e-05,21213656.48,268.79
1551139200.0,2019-02-26,MANABTC,9.48e-06,1.48e-05,9.42e-06,1.27e-05,37556303.63,492.2
1551052800.0,2019-02-25,MANABTC,9.43e-06,9.58e-06,9.37e-06,9.48e-06,496330.66,4.69
1550966400.0,2019-02-24,MANABTC,9.58e-06,9.81e-06,9.38e-06,9.43e-06,486048.67,4.65
1550880000.0,2019-02-23,MANABTC,9.78e-06,9.86e-06,9.5e-06,9.58e-06,1046023.58,10.1
1550793600.0,2019-02-22,MANABTC,9.43e-06,9.84e-06,9.38e-06,9.78e-06,818503.87,7.81
1550707200.0,2019-02-21,MANABTC,9.69e-06,9.69e-06,9.34e-06,9.43e-06,635164.86,6.03
1550620800.0,2019-02-20,MANABTC,9.83e-06,9.83e-06,9.56e-06,9.69e-06,624631.7,6.05
1550534400.0,2019-02-19,MANABTC,1.002e-05,1.004e-05,9.61e-06,9.83e-06,689240.91,6.77
1550448000.0,2019-02-18,MANABTC,1.017e-05,1.046e-05,9.85e-06,1.002e-05,2065659.26,21.04
1550361600.0,2019-02-17,MANABTC,1.041e-05,1.053e-05,1.009e-05,1.017e-05,798098.31,8.19
1550275200.0,2019-02-16,MANABTC,9.79e-06,1.077e-05,9.74e-06,1.041e-05,1800133.44,18.48
1550188800.0,2019-02-15,MANABTC,9.61e-06,9.87e-06,9.5e-06,9.79e-06,352006.25,3.42
1550102400.0,2019-02-14,MANABTC,9.62e-06,9.79e-06,9.4e-06,9.61e-06,774605.56,7.46
1550016000.0,2019-02-13,MANABTC,9.68e-06,9.85e-06,9.54e-06,9.62e-06,3272088.44,31.7
1549929600.0,2019-02-12,MANABTC,9.33e-06,9.68e-06,9.33e-06,9.68e-06,3613011.58,34.19
1549843200.0,2019-02-11,MANABTC,9.45e-06,9.45e-06,9.18e-06,9.33e-06,464874.81,4.32
1549756800.0,2019-02-10,MANABTC,9.6e-06,9.6e-06,9.3e-06,9.45e-06,417564.46,3.91
1549670400.0,2019-02-09,MANABTC,9.72e-06,9.76e-06,9.46e-06,9.6e-06,678067.41,6.47
1549584000.0,2019-02-08,MANABTC,9.42e-06,1.012e-05,9.42e-06,9.72e-06,938337.07,9.12
1549497600.0,2019-02-07,MANABTC,9.4e-06,9.6e-06,9.3e-06,9.42e-06,724984.11,6.86
1549411200.0,2019-02-06,MANABTC,9.94e-06,1.03e-05,9.21e-06,9.4e-06,1460475.21,14.18
1549324800.0,2019-02-05,MANABTC,9.48e-06,1.008e-05,9.48e-06,9.94e-06,1219385.5,11.99
1549238400.0,2019-02-04,MANABTC,9.56e-06,9.63e-06,9.41e-06,9.48e-06,380243.52,3.61
1549152000.0,2019-02-03,MANABTC,9.77e-06,9.77e-06,9.56e-06,9.56e-06,214551.82,2.08
1549065600.0,2019-02-02,MANABTC,9.7e-06,9.91e-06,9.65e-06,9.77e-06,249369.85,2.44
1548979200.0,2019-02-01,MANABTC,9.83e-06,9.92e-06,9.54e-06,9.7e-06,296627.34,2.87
1548892800.0,2019-01-31,MANABTC,1.012e-05,1.027e-05,9.66e-06,9.83e-06,800393.1,7.97
1548806400.0,2019-01-30,MANABTC,9.99e-06,1.035e-05,9.92e-06,1.012e-05,394466.1,3.99
1548720000.0,2019-01-29,MANABTC,1.025e-05,1.025e-05,9.68e-06,9.99e-06,866118.04,8.6
1548633600.0,2019-01-28,MANABTC,1.045e-05,1.055e-05,9.86e-06,1.025e-05,1838099.57,18.67
1548547200.0,2019-01-27,MANABTC,1.12e-05,1.127e-05,1.045e-05,1.045e-05,1864867.62,20.17
1548460800.0,2019-01-26,MANABTC,1.103e-05,1.161e-05,1.103e-05,1.12e-05,2356352.25,26.7
1548374400.0,2019-01-25,MANABTC,1.095e-05,1.113e-05,1.08e-05,1.103e-05,590381.35,6.45
1548288000.0,2019-01-24,MANABTC,1.071e-05,1.108e-05,1.066e-05,1.095e-05,612221.47,6.62
1548201600.0,2019-01-23,MANABTC,1.11e-05,1.112e-05,1.067e-05,1.071e-05,781269.96,8.52
1548115200.0,2019-01-22,MANABTC,1.065e-05,1.126e-05,1.057e-05,1.11e-05,1700044.13,18.52
1548028800.0,2019-01-21,MANABTC,1.076e-05,1.085e-05,1.05e-05,1.065e-05,1152046.17,12.32
1547942400.0,2019-01-20,MANABTC,1.097e-05,1.114e-05,1.042e-05,1.076e-05,1615135.62,17.4
1547856000.0,2019-01-19,MANABTC,1.089e-05,1.114e-05,1.079e-05,1.097e-05,980566.41,10.75
1547769600.0,2019-01-18,MANABTC,1.12e-05,1.127e-05,1.058e-05,1.089e-05,2517444.43,27.39
1547683200.0,2019-01-17,MANABTC,1.124e-05,1.179e-05,1.077e-05,1.12e-05,4822514.94,54.19
1547596800.0,2019-01-16,MANABTC,1.026e-05,1.137e-05,1.013e-05,1.124e-05,2361905.79,25.65
1547510400.0,2019-01-15,MANABTC,1.035e-05,1.071e-05,1.01e-05,1.026e-05,1724232.49,17.94
1547424000.0,2019-01-14,MANABTC,9.97e-06,1.04e-05,9.97e-06,1.035e-05,1362125.45,13.82
1547337600.0,2019-01-13,MANABTC,1.059e-05,1.083e-05,9.91e-06,9.97e-06,1356039.23,14.07
1547251200.0,2019-01-12,MANABTC,1.056e-05,1.075e-05,1.033e-05,1.059e-05,507014.09,5.35
1547164800.0,2019-01-11,MANABTC,1.043e-05,1.075e-05,1.035e-05,1.056e-05,840031.6,8.82
1547078400.0,2019-01-10,MANABTC,1.157e-05,1.159e-05,1.005e-05,1.043e-05,3937328.9,41.09
1546992000.0,2019-01-09,MANABTC,1.121e-05,1.166e-05,1.115e-05,1.157e-05,746532.11,8.57
1546905600.0,2019-01-08,MANABTC,1.129e-05,1.147e-05,1.11e-05,1.121e-05,687100.61,7.75
1546819200.0,2019-01-07,MANABTC,1.16e-05,1.161e-05,1.122e-05,1.129e-05,450361.34,5.15
1546732800.0,2019-01-06,MANABTC,1.181e-05,1.182e-05,1.152e-05,1.16e-05,505597.87,5.9
1546646400.0,2019-01-05,MANABTC,1.187e-05,1.23e-05,1.171e-05,1.181e-05,1245094.63,14.92
1546560000.0,2019-01-04,MANABTC,1.162e-05,1.194e-05,1.149e-05,1.187e-05,537414.59,6.3
1546473600.0,2019-01-03,MANABTC,1.192e-05,1.192e-05,1.149e-05,1.162e-05,660366.25,7.7
1546387200.0,2019-01-02,MANABTC,1.208e-05,1.208e-05,1.165e-05,1.192e-05,1117029.12,13.22
1546300800.0,2019-01-01,MANABTC,1.192e-05,1.213e-05,1.155e-05,1.208e-05,905002.63,10.64
1546214400.0,2018-12-31,MANABTC,1.224e-05,1.238e-05,1.182e-05,1.192e-05,463651.8,5.62
1546128000.0,2018-12-30,MANABTC,1.26e-05,1.278e-05,1.222e-05,1.224e-05,471006.45,5.87
1546041600.0,2018-12-29,MANABTC,1.306e-05,1.324e-05,1.244e-05,1.26e-05,514400.23,6.57
1545955200.0,2018-12-28,MANABTC,1.219e-05,1.428e-05,1.215e-05,1.306e-05,3183324.98,42.24
1545868800.0,2018-12-27,MANABTC,1.284e-05,1.317e-05,1.201e-05,1.219e-05,695373.4,8.73
1545782400.0,2018-12-26,MANABTC,1.302e-05,1.32e-05,1.28e-05,1.284e-05,428218.2,5.55
1545696000.0,2018-12-25,MANABTC,1.354e-05,1.354e-05,1.295e-05,1.302e-05,602476.45,7.96
1545609600.0,2018-12-24,MANABTC,1.421e-05,1.484e-05,1.336e-05,1.354e-05,2034656.43,28.93
1545523200.0,2018-12-23,MANABTC,1.426e-05,1.504e-05,1.413e-05,1.421e-05,1732699.72,25.13
1545436800.0,2018-12-22,MANABTC,1.401e-05,1.486e-05,1.368e-05,1.426e-05,1795456.93,25.94
1545350400.0,2018-12-21,MANABTC,1.294e-05,1.453e-05,1.27e-05,1.401e-05,4582952.38,61.25
1545264000.0,2018-12-20,MANABTC,1.267e-05,1.354e-05,1.241e-05,1.294e-05,2049864.41,26.49
1545177600.0,2018-12-19,MANABTC,1.327e-05,1.379e-05,1.265e-05,1.267e-05,1741856.5,23.27
1545091200.0,2018-12-18,MANABTC,1.382e-05,1.382e-05,1.3e-05,1.327e-05,1225640.82,16.19
1545004800.0,2018-12-17,MANABTC,1.396e-05,1.454e-05,1.369e-05,1.382e-05,610036.11,8.55
1544918400.0,2018-12-16,MANABTC,1.312e-05,1.433e-05,1.312e-05,1.396e-05,1280572.92,17.58
1544832000.0,2018-12-15,MANABTC,1.34e-05,1.377e-05,1.28e-05,1.312e-05,2184093.32,28.78
1544745600.0,2018-12-14,MANABTC,1.452e-05,1.49e-05,1.321e-05,1.34e-05,3373945.75,47.64
1544659200.0,2018-12-13,MANABTC,1.55e-05,1.561e-05,1.452e-05,1.452e-05,1087184.81,16.38
1544572800.0,2018-12-12,MANABTC,1.548e-05,1.564e-05,1.486e-05,1.55e-05,3290803.43,49.94
1544486400.0,2018-12-11,MANABTC,1.656e-05,1.656e-05,1.548e-05,1.548e-05,3370097.97,53.51
1544400000.0,2018-12-10,MANABTC,1.681e-05,1.806e-05,1.578e-05,1.656e-05,4157831.02,69.16
1544313600.0,2018-12-09,MANABTC,1.701e-05,1.787e-05,1.656e-05,1.681e-05,2477468.26,42.98
1544227200.0,2018-12-08,MANABTC,1.652e-05,1.724e-05,1.578e-05,1.701e-05,2394863.69,39.37
1544140800.0,2018-12-07,MANABTC,1.537e-05,1.799e-05,1.471e-05,1.652e-05,5765065.85,93.28
1544054400.0,2018-12-06,MANABTC,1.543e-05,1.654e-05,1.461e-05,1.537e-05,2457774.63,38.27
1543968000.0,2018-12-05,MANABTC,1.65e-05,1.652e-05,1.509e-05,1.543e-05,4882310.97,76.95
1543881600.0,2018-12-04,MANABTC,1.795e-05,1.806e-05,1.597e-05,1.65e-05,4985751.08,83.85
1543795200.0,2018-12-03,MANABTC,1.537e-05,1.879e-05,1.517e-05,1.795e-05,11755926.76,208.72
1543708800.0,2018-12-02,MANABTC,1.499e-05,1.571e-05,1.487e-05,1.537e-05,781800.84,12.03
1543622400.0,2018-12-01,MANABTC,1.433e-05,1.542e-05,1.433e-05,1.499e-05,475399.89,7.11
1543536000.0,2018-11-30,MANABTC,1.449e-05,1.547e-05,1.409e-05,1.448e-05,1418788.2,20.82
1543449600.0,2018-11-29,MANABTC,1.441e-05,1.456e-05,1.402e-05,1.449e-05,766572.12,10.94
1543363200.0,2018-11-28,MANABTC,1.375e-05,1.477e-05,1.375e-05,1.441e-05,1257791.12,17.96
1543276800.0,2018-11-27,MANABTC,1.375e-05,1.391e-05,1.333e-05,1.375e-05,659684.83,8.98
1543190400.0,2018-11-26,MANABTC,1.359e-05,1.389e-05,1.332e-05,1.375e-05,1439815.43,19.54
1543104000.0,2018-11-25,MANABTC,1.375e-05,1.375e-05,1.316e-05,1.359e-05,885213.71,11.88
1543017600.0,2018-11-24,MANABTC,1.353e-05,1.408e-05,1.326e-05,1.375e-05,1116491.63,15.29
1542931200.0,2018-11-23,MANABTC,1.4e-05,1.4e-05,1.303e-05,1.353e-05,1613560.41,21.41
1542844800.0,2018-11-22,MANABTC,1.415e-05,1.49e-05,1.37e-05,1.4e-05,2720763.98,38.93
1542758400.0,2018-11-21,MANABTC,1.304e-05,1.433e-05,1.304e-05,1.415e-05,2845647.09,38.49
1542672000.0,2018-11-20,MANABTC,1.394e-05,1.411e-05,1.252e-05,1.304e-05,2945834.89,39.39
1542585600.0,2018-11-19,MANABTC,1.523e-05,1.623e-05,1.385e-05,1.394e-05,5364760.74,81.15
1542499200.0,2018-11-18,MANABTC,1.491e-05,1.576e-05,1.435e-05,1.523e-05,971107.38,14.56
1542412800.0,2018-11-17,MANABTC,1.548e-05,1.58e-05,1.45e-05,1.491e-05,770119.87,11.58
1542326400.0,2018-11-16,MANABTC,1.655e-05,1.681e-05,1.48e-05,1.548e-05,2039029.16,31.98
1542240000.0,2018-11-15,MANABTC,1.522e-05,1.655e-05,1.48e-05,1.655e-05,2962562.25,46.88
1542153600.0,2018-11-14,MANABTC,1.633e-05,1.644e-05,1.35e-05,1.522e-05,5753322.66,85.89
1542067200.0,2018-11-13,MANABTC,1.615e-05,1.748e-05,1.55e-05,1.633e-05,5337655.57,88.16
1541980800.0,2018-11-12,MANABTC,1.455e-05,1.627e-05,1.435e-05,1.615e-05,4218555.56,65.54
1541894400.0,2018-11-11,MANABTC,1.506e-05,1.576e-05,1.438e-05,1.455e-05,6573050.73,98.62
1541808000.0,2018-11-10,MANABTC,1.334e-05,1.548e-05,1.316e-05,1.506e-05,5471503.61,79.03
1541721600.0,2018-11-09,MANABTC,1.352e-05,1.428e-05,1.309e-05,1.334e-05,5408842.61,74.12
1541635200.0,2018-11-08,MANABTC,1.219e-05,1.466e-05,1.219e-05,1.352e-05,10848970.85,146.2
1541548800.0,2018-11-07,MANABTC,1.21e-05,1.233e-05,1.181e-05,1.219e-05,2989431.5,36.12
1541462400.0,2018-11-06,MANABTC,1.207e-05,1.242e-05,1.171e-05,1.21e-05,2705957.97,32.73
1541376000.0,2018-11-05,MANABTC,1.219e-05,1.245e-05,1.159e-05,1.207e-05,2438524.62,29.47
1541289600.0,2018-11-04,MANABTC,1.212e-05,1.244e-05,1.171e-05,1.219e-05,1238979.19,14.95
1541203200.0,2018-11-03,MANABTC,1.257e-05,1.257e-05,1.205e-05,1.212e-05,563959.69,6.94
1541116800.0,2018-11-02,MANABTC,1.224e-05,1.27e-05,1.212e-05,1.257e-05,2631035.38,32.72
1541030400.0,2018-11-01,MANABTC,1.182e-05,1.242e-05,1.182e-05,1.224e-05,1560330.25,18.84
1540944000.0,2018-10-31,MANABTC,1.179e-05,1.197e-05,1.148e-05,1.182e-05,553482.15,6.49
1540857600.0,2018-10-30,MANABTC,1.136e-05,1.179e-05,1.121e-05,1.179e-05,1097703.58,12.62
1540771200.0,2018-10-29,MANABTC,1.203e-05,1.216e-05,1.126e-05,1.136e-05,1434236.67,16.75
1540684800.0,2018-10-28,MANABTC,1.199e-05,1.259e-05,1.179e-05,1.203e-05,1894308.33,23.08
1540598400.0,2018-10-27,MANABTC,1.15e-05,1.268e-05,1.147e-05,1.199e-05,2076040.79,24.74
1540512000.0,2018-10-26,MANABTC,1.133e-05,1.182e-05,1.11e-05,1.15e-05,1218353.52,13.87
1540425600.0,2018-10-25,MANABTC,1.128e-05,1.149e-05,1.11e-05,1.133e-05,965973.19,10.85
1540339200.0,2018-10-24,MANABTC,1.145e-05,1.153e-05,1.107e-05,1.128e-05,1193239.82,13.46
1540252800.0,2018-10-23,MANABTC,1.125e-05,1.192e-05,1.065e-05,1.145e-05,4625558.15,52.89
1540166400.0,2018-10-22,MANABTC,1.117e-05,1.125e-05,1.082e-05,1.125e-05,947176.76,10.43
1540080000.0,2018-10-21,MANABTC,1.082e-05,1.137e-05,1.074e-05,1.117e-05,870899.48,9.62
1539993600.0,2018-10-20,MANABTC,1.074e-05,1.087e-05,1.068e-05,1.082e-05,710904.42,7.65
1539907200.0,2018-10-19,MANABTC,1.035e-05,1.074e-05,1.035e-05,1.074e-05,762752.38,8.09
1539820800.0,2018-10-18,MANABTC,1.077e-05,1.09e-05,1.027e-05,1.035e-05,744403.84,7.9
1539734400.0,2018-10-17,MANABTC,1.06e-05,1.085e-05,1.051e-05,1.077e-05,420647.65,4.48
1539648000.0,2018-10-16,MANABTC,1.053e-05,1.058e-05,1.053e-05,1.058e-05,0.0,0.0
1539561600.0,2018-10-15,MANABTC,1.073e-05,1.12e-05,1.028e-05,1.053e-05,1515805.87,16.17
1539475200.0,2018-10-14,MANABTC,1.083e-05,1.125e-05,1.062e-05,1.073e-05,587496.55,6.39
1539388800.0,2018-10-13,MANABTC,1.073e-05,1.113e-05,1.072e-05,1.083e-05,745815.31,8.13
1539302400.0,2018-10-12,MANABTC,1.082e-05,1.165e-05,1.061e-05,1.073e-05,2505347.23,28.0
1539216000.0,2018-10-11,MANABTC,1.147e-05,1.19e-05,1.02e-05,1.082e-05,5721751.71,63.95
1539129600.0,2018-10-10,MANABTC,1.104e-05,1.17e-05,1.095e-05,1.147e-05,930542.29,10.61
1539043200.0,2018-10-09,MANABTC,1.133e-05,1.149e-05,1.089e-05,1.104e-05,813327.95,9.1
1538956800.0,2018-10-08,MANABTC,1.146e-05,1.158e-05,1.127e-05,1.133e-05,518182.94,5.9
1538870400.0,2018-10-07,MANABTC,1.16e-05,1.164e-05,1.13e-05,1.146e-05,846204.19,9.64
1538784000.0,2018-10-06,MANABTC,1.195e-05,1.205e-05,1.131e-05,1.16e-05,1272074.65,14.9
1538697600.0,2018-10-05,MANABTC,1.188e-05,1.299e-05,1.167e-05,1.195e-05,4651783.98,57.51
1538611200.0,2018-10-04,MANABTC,1.151e-05,1.2e-05,1.135e-05,1.188e-05,1615323.54,18.82
1538524800.0,2018-10-03,MANABTC,1.147e-05,1.2e-05,1.12e-05,1.151e-05,1674588.28,19.28
1538438400.0,2018-10-02,MANABTC,1.158e-05,1.175e-05,1.147e-05,1.147e-05,706399.19,8.19
1538352000.0,2018-10-01,MANABTC,1.152e-05,1.169e-05,1.129e-05,1.158e-05,1156219.17,13.21
1538265600.0,2018-09-30,MANABTC,1.154e-05,1.186e-05,1.14e-05,1.152e-05,274275.03,3.2
1538179200.0,2018-09-29,MANABTC,1.198e-05,1.198e-05,1.121e-05,1.154e-05,788482.52,9.06
1538092800.0,2018-09-28,MANABTC,1.188e-05,1.231e-05,1.148e-05,1.198e-05,2196632.56,26.22
1538006400.0,2018-09-27,MANABTC,1.128e-05,1.21e-05,1.111e-05,1.188e-05,1446838.53,16.54
1537920000.0,2018-09-26,MANABTC,1.148e-05,1.227e-05,1.111e-05,1.128e-05,2522571.96,29.67
1537833600.0,2018-09-25,MANABTC,1.173e-05,1.173e-05,1.085e-05,1.148e-05,1420134.33,15.81
1537747200.0,2018-09-24,MANABTC,1.181e-05,1.192e-05,1.125e-05,1.173e-05,1238952.3,14.44
1537660800.0,2018-09-23,MANABTC,1.143e-05,1.202e-05,1.13e-05,1.181e-05,1493656.13,17.45
1537574400.0,2018-09-22,MANABTC,1.185e-05,1.198e-05,1.122e-05,1.143e-05,971991.69,11.25
1537488000.0,2018-09-21,MANABTC,1.223e-05,1.259e-05,1.113e-05,1.185e-05,4563402.9,53.99
1537401600.0,2018-09-20,MANABTC,1.145e-05,1.25e-05,1.12e-05,1.223e-05,4248510.86,50.52
1537315200.0,2018-09-19,MANABTC,1.093e-05,1.18e-05,1.066e-05,1.145e-05,3386058.81,37.86
1537228800.0,2018-09-18,MANABTC,1.045e-05,1.114e-05,1.028e-05,1.093e-05,2306804.02,24.85
1537142400.0,2018-09-17,MANABTC,1.084e-05,1.159e-05,1.023e-05,1.045e-05,2274443.93,25.04
1537056000.0,2018-09-16,MANABTC,1.114e-05,1.131e-05,1.049e-05,1.084e-05,2589431.7,28.21
1536969600.0,2018-09-15,MANABTC,1.012e-05,1.145e-05,1.007e-05,1.114e-05,2624987.09,28.43
1536883200.0,2018-09-14,MANABTC,1.015e-05,1.095e-05,9.79e-06,1.012e-05,2810514.44,29.12
1536796800.0,2018-09-13,MANABTC,9.66e-06,1.116e-05,9.45e-06,1.015e-05,6565669.65,66.53
1536710400.0,2018-09-12,MANABTC,9.23e-06,9.75e-06,8.13e-06,9.66e-06,4113173.6,36.68
1536624000.0,2018-09-11,MANABTC,9.64e-06,9.76e-06,8.92e-06,9.23e-06,1358433.98,12.51
1536537600.0,2018-09-10,MANABTC,1.032e-05,1.044e-05,9.57e-06,9.64e-06,2089578.57,21.02
1536451200.0,2018-09-09,MANABTC,9.15e-06,1.035e-05,8.79e-06,1.032e-05,4859744.79,46.86
1536364800.0,2018-09-08,MANABTC,9.64e-06,1.03e-05,9.06e-06,9.15e-06,2130161.54,20.89
1536278400.0,2018-09-07,MANABTC,9.72e-06,1.015e-05,9.2e-06,9.64e-06,1785934.87,17.25
1536192000.0,2018-09-06,MANABTC,9.4e-06,9.83e-06,9.02e-06,9.72e-06,1101983.26,10.3
1536105600.0,2018-09-05,MANABTC,1.062e-05,1.073e-05,9.36e-06,9.4e-06,2459535.05,24.8
1536019200.0,2018-09-04,MANABTC,1.071e-05,1.096e-05,1.058e-05,1.062e-05,835485.23,8.99
1535932800.0,2018-09-03,MANABTC,1.073e-05,1.079e-05,1.057e-05,1.071e-05,799033.58,8.5
1535846400.0,2018-09-02,MANABTC,1.105e-05,1.117e-05,1.067e-05,1.073e-05,1269380.77,13.78
1535760000.0,2018-09-01,MANABTC,1.099e-05,1.148e-05,1.093e-05,1.105e-05,1688352.3,18.92
1535673600.0,2018-08-31,MANABTC,1.118e-05,1.125e-05,1.076e-05,1.099e-05,1508220.52,16.55
1535587200.0,2018-08-30,MANABTC,1.155e-05,1.197e-05,1.071e-05,1.118e-05,1598704.66,18.1
1535500800.0,2018-08-29,MANABTC,1.067e-05,1.227e-05,1.02e-05,1.155e-05,4522996.04,51.51
1535414400.0,2018-08-28,MANABTC,1.056e-05,1.068e-05,1.02e-05,1.067e-05,1466930.08,15.3
1535328000.0,2018-08-27,MANABTC,1.026e-05,1.073e-05,1.008e-05,1.056e-05,1262677.28,13.2
1535241600.0,2018-08-26,MANABTC,1.019e-05,1.038e-05,1.001e-05,1.026e-05,488115.56,4.97
1535155200.0,2018-08-25,MANABTC,1.02e-05,1.039e-05,1.006e-05,1.019e-05,559413.94,5.71
1535068800.0,2018-08-24,MANABTC,1.007e-05,1.038e-05,9.97e-06,1.02e-05,801810.67,8.13
1534982400.0,2018-08-23,MANABTC,9.99e-06,1.053e-05,9.88e-06,1.007e-05,952978.16,9.6
1534896000.0,2018-08-22,MANABTC,1.068e-05,1.086e-05,9.86e-06,9.99e-06,1296885.28,13.67
1534809600.0,2018-08-21,MANABTC,1.06e-05,1.148e-05,1.047e-05,1.068e-05,285484.22,3.06
1534723200.0,2018-08-20,MANABTC,1.136e-05,1.152e-05,1.057e-05,1.06e-05,501680.05,5.53
1534636800.0,2018-08-19,MANABTC,1.103e-05,1.182e-05,1.083e-05,1.136e-05,623787.08,7.11
1534550400.0,2018-08-18,MANABTC,1.188e-05,1.213e-05,1.053e-05,1.103e-05,1206740.07,13.67
1534464000.0,2018-08-17,MANABTC,1.045e-05,1.212e-05,1.045e-05,1.188e-05,3102894.67,35.16
1534377600.0,2018-08-16,MANABTC,1.098e-05,1.208e-05,9.62e-06,1.045e-05,2799713.71,30.37
1534291200.0,2018-08-15,MANABTC,1.037e-05,1.135e-05,1.037e-05,1.098e-05,1477275.03,16.18
1534204800.0,2018-08-14,MANABTC,1.178e-05,1.178e-05,1.021e-05,1.037e-05,1529436.3,16.67
1534118400.0,2018-08-13,MANABTC,1.247e-05,1.25e-05,1.169e-05,1.178e-05,1192628.66,14.25
1534032000.0,2018-08-12,MANABTC,1.284e-05,1.284e-05,1.284e-05,1.284e-05,0.0,0.0
1533945600.0,2018-08-11,MANABTC,1.323e-05,1.334e-05,1.252e-05,1.284e-05,758690.8,9.89
1533859200.0,2018-08-10,MANABTC,1.351e-05,1.369e-05,1.269e-05,1.323e-05,1045406.14,13.63
1533772800.0,2018-08-09,MANABTC,1.3e-05,1.4e-05,1.29e-05,1.351e-05,1944898.15,25.97
1533686400.0,2018-08-08,MANABTC,1.311e-05,1.34e-05,1.29e-05,1.3e-05,1386338.57,18.1
1533600000.0,2018-08-07,MANABTC,1.371e-05,1.378e-05,1.301e-05,1.311e-05,1144069.22,15.18
1533513600.0,2018-08-06,MANABTC,1.388e-05,1.404e-05,1.342e-05,1.371e-05,915120.47,12.55
1533427200.0,2018-08-05,MANABTC,1.311e-05,1.443e-05,1.309e-05,1.388e-05,3878289.14,54.21
1533340800.0,2018-08-04,MANABTC,1.28e-05,1.346e-05,1.246e-05,1.311e-05,1251815.32,16.09
1533254400.0,2018-08-03,MANABTC,1.313e-05,1.329e-05,1.222e-05,1.28e-05,2999432.05,38.05
1533168000.0,2018-08-02,MANABTC,1.4e-05,1.45e-05,1.313e-05,1.313e-05,2683416.23,36.41
1533081600.0,2018-08-01,MANABTC,1.444e-05,1.455e-05,1.352e-05,1.4e-05,1850047.89,25.92
1532995200.0,2018-07-31,MANABTC,1.518e-05,1.537e-05,1.406e-05,1.444e-05,1474183.1,21.6
1532908800.0,2018-07-30,MANABTC,1.633e-05,1.639e-05,1.457e-05,1.518e-05,3479304.08,53.12
1532822400.0,2018-07-29,MANABTC,1.63e-05,1.677e-05,1.574e-05,1.633e-05,2924783.89,47.38
1532736000.0,2018-07-28,MANABTC,1.576e-05,1.636e-05,1.524e-05,1.63e-05,1488755.94,23.39
1532649600.0,2018-07-27,MANABTC,1.6e-05,1.628e-05,1.535e-05,1.576e-05,2257209.99,35.8
1532563200.0,2018-07-26,MANABTC,1.697e-05,1.77e-05,1.585e-05,1.6e-05,4825077.97,81.5
1532476800.0,2018-07-25,MANABTC,1.541e-05,1.752e-05,1.511e-05,1.697e-05,6441033.45,107.36
1532390400.0,2018-07-24,MANABTC,1.713e-05,1.785e-05,1.5e-05,1.541e-05,4559737.68,72.65
1532304000.0,2018-07-23,MANABTC,1.877e-05,1.879e-05,1.65e-05,1.713e-05,3710197.08,63.96
1532217600.0,2018-07-22,MANABTC,1.716e-05,1.973e-05,1.703e-05,1.877e-05,9236798.73,171.17
1532131200.0,2018-07-21,MANABTC,1.657e-05,1.789e-05,1.603e-05,1.716e-05,3311733.5,56.49
1532044800.0,2018-07-20,MANABTC,1.585e-05,1.825e-05,1.547e-05,1.657e-05,6264106.82,106.37
1531958400.0,2018-07-19,MANABTC,1.575e-05,1.63e-05,1.526e-05,1.585e-05,1983232.88,31.21
1531872000.0,2018-07-18,MANABTC,1.701e-05,1.822e-05,1.555e-05,1.575e-05,4901169.33,82.0
1531785600.0,2018-07-17,MANABTC,1.533e-05,1.9e-05,1.53e-05,1.701e-05,15021714.81,255.26
1531699200.0,2018-07-16,MANABTC,1.495e-05,1.546e-05,1.476e-05,1.533e-05,1232918.51,18.6
1531612800.0,2018-07-15,MANABTC,1.487e-05,1.522e-05,1.48e-05,1.495e-05,816943.93,12.25
1531526400.0,2018-07-14,MANABTC,1.52e-05,1.525e-05,1.456e-05,1.487e-05,956510.4,14.28
1531440000.0,2018-07-13,MANABTC,1.495e-05,1.533e-05,1.456e-05,1.52e-05,2388965.09,35.76
1531353600.0,2018-07-12,MANABTC,1.487e-05,1.58e-05,1.462e-05,1.495e-05,3579376.2,54.2
1531267200.0,2018-07-11,MANABTC,1.468e-05,1.513e-05,1.396e-05,1.487e-05,4705806.25,68.82
1531180800.0,2018-07-10,MANABTC,1.56e-05,1.67e-05,1.458e-05,1.468e-05,5403274.82,85.99
1531094400.0,2018-07-09,MANABTC,1.47e-05,1.747e-05,1.455e-05,1.56e-05,11252815.61,182.56
1531008000.0,2018-07-08,MANABTC,1.492e-05,1.577e-05,1.452e-05,1.47e-05,3537222.36,53.52
1530921600.0,2018-07-07,MANABTC,1.525e-05,1.525e-05,1.451e-05,1.492e-05,2074211.23,30.87
1530835200.0,2018-07-06,MANABTC,1.61e-05,1.677e-05,1.433e-05,1.525e-05,16242683.62,250.5
1530748800.0,2018-07-05,MANABTC,1.704e-05,1.763e-05,1.488e-05,1.61e-05,20340189.24,331.28
1530662400.0,2018-07-04,MANABTC,2.245e-05,2.7e-05,1.621e-05,1.704e-05,33731033.48,615.11
1530576000.0,2018-07-03,MANABTC,1.424e-05,2.789e-05,1.401e-05,2.245e-05,23174333.27,470.54
1530489600.0,2018-07-02,MANABTC,1.355e-05,1.441e-05,1.328e-05,1.424e-05,950164.63,13.24
1530403200.0,2018-07-01,MANABTC,1.335e-05,1.37e-05,1.311e-05,1.355e-05,1163605.14,15.55
1530316800.0,2018-06-30,MANABTC,1.356e-05,1.386e-05,1.307e-05,1.335e-05,748613.56,10.12
1530230400.0,2018-06-29,MANABTC,1.442e-05,1.477e-05,1.3e-05,1.356e-05,1717711.43,22.99
1530144000.0,2018-06-28,MANABTC,1.525e-05,1.54e-05,1.413e-05,1.442e-05,880331.16,12.91
1530057600.0,2018-06-27,MANABTC,1.53e-05,1.578e-05,1.49e-05,1.525e-05,834797.6,12.68
1529971200.0,2018-06-26,MANABTC,1.578e-05,1.615e-05,1.506e-05,1.53e-05,898884.94,14.01
1529884800.0,2018-06-25,MANABTC,1.542e-05,1.578e-05,1.5e-05,1.578e-05,947431.64,14.51
1529798400.0,2018-06-24,MANABTC,1.531e-05,1.646e-05,1.501e-05,1.542e-05,2190348.4,35.11
1529712000.0,2018-06-23,MANABTC,1.568e-05,1.571e-05,1.467e-05,1.531e-05,962340.21,14.58
1529625600.0,2018-06-22,MANABTC,1.454e-05,1.6e-05,1.38e-05,1.568e-05,2887122.57,43.19
1529539200.0,2018-06-21,MANABTC,1.564e-05,1.576e-05,1.442e-05,1.454e-05,1522439.61,23.05
1529452800.0,2018-06-20,MANABTC,1.539e-05,1.603e-05,1.494e-05,1.564e-05,1747189.28,27.05
1529366400.0,2018-06-19,MANABTC,1.599e-05,1.617e-05,1.475e-05,1.539e-05,2189057.49,33.19
1529280000.0,2018-06-18,MANABTC,1.755e-05,1.834e-05,1.563e-05,1.599e-05,3477262.33,58.85
1529193600.0,2018-06-17,MANABTC,1.523e-05,1.773e-05,1.523e-05,1.755e-05,3315472.94,55.27
1529107200.0,2018-06-16,MANABTC,1.547e-05,1.569e-05,1.502e-05,1.523e-05,694389.03,10.67
1529020800.0,2018-06-15,MANABTC,1.516e-05,1.547e-05,1.475e-05,1.547e-05,735573.44,11.02
1528934400.0,2018-06-14,MANABTC,1.581e-05,1.6e-05,1.464e-05,1.516e-05,1906709.62,28.88
1528848000.0,2018-06-13,MANABTC,1.46e-05,1.63e-05,1.442e-05,1.581e-05,4825618.05,73.41
1528761600.0,2018-06-12,MANABTC,1.419e-05,1.517e-05,1.362e-05,1.46e-05,2311009.21,32.89
1528675200.0,2018-06-11,MANABTC,1.417e-05,1.448e-05,1.351e-05,1.419e-05,1368766.48,19.24
1528588800.0,2018-06-10,MANABTC,1.395e-05,1.455e-05,1.346e-05,1.417e-05,3845552.09,54.13
1528502400.0,2018-06-09,MANABTC,1.37e-05,1.398e-05,1.348e-05,1.395e-05,1021246.58,14.06
1528416000.0,2018-06-08,MANABTC,1.377e-05,1.378e-05,1.344e-05,1.37e-05,653285.88,8.89
1528329600.0,2018-06-07,MANABTC,1.375e-05,1.419e-05,1.338e-05,1.377e-05,1101816.01,15.15
1528243200.0,2018-06-06,MANABTC,1.294e-05,1.422e-05,1.26e-05,1.375e-05,1770410.33,23.7
1528156800.0,2018-06-05,MANABTC,1.298e-05,1.304e-05,1.236e-05,1.294e-05,941413.76,11.93
1528070400.0,2018-06-04,MANABTC,1.361e-05,1.378e-05,1.279e-05,1.298e-05,793702.89,10.42
1527984000.0,2018-06-03,MANABTC,1.377e-05,1.4e-05,1.346e-05,1.361e-05,312144.48,4.27
1527897600.0,2018-06-02,MANABTC,1.349e-05,1.393e-05,1.336e-05,1.377e-05,328412.17,4.46
1527811200.0,2018-06-01,MANABTC,1.413e-05,1.418e-05,1.338e-05,1.349e-05,930717.53,12.84
1527724800.0,2018-05-31,MANABTC,1.296e-05,1.45e-05,1.292e-05,1.413e-05,4561017.33,63.61
1527638400.0,2018-05-30,MANABTC,1.226e-05,1.365e-05,1.212e-05,1.296e-05,1676645.91,21.56
1527552000.0,2018-05-29,MANABTC,1.178e-05,1.254e-05,1.166e-05,1.226e-05,940763.07,11.36
1527465600.0,2018-05-28,MANABTC,1.202e-05,1.234e-05,1.156e-05,1.178e-05,1228861.24,14.61
1527379200.0,2018-05-27,MANABTC,1.271e-05,1.276e-05,1.2e-05,1.202e-05,1420202.6,17.29
1527292800.0,2018-05-26,MANABTC,1.265e-05,1.283e-05,1.254e-05,1.271e-05,321003.42,4.06
1527206400.0,2018-05-25,MANABTC,1.304e-05,1.339e-05,1.258e-05,1.265e-05,1046822.07,13.62
1527120000.0,2018-05-24,MANABTC,1.274e-05,1.355e-05,1.24e-05,1.304e-05,2280916.18,29.61
1527033600.0,2018-05-23,MANABTC,1.317e-05,1.346e-05,1.247e-05,1.274e-05,1466827.71,18.85
1526947200.0,2018-05-22,MANABTC,1.458e-05,1.458e-05,1.31e-05,1.317e-05,1526702.58,21.01
1526860800.0,2018-05-21,MANABTC,1.48e-05,1.486e-05,1.4e-05,1.458e-05,1295146.76,18.69
1526774400.0,2018-05-20,MANABTC,1.493e-05,1.501e-05,1.433e-05,1.48e-05,964331.26,14.02
1526688000.0,2018-05-19,MANABTC,1.445e-05,1.58e-05,1.438e-05,1.493e-05,1213875.93,18.12
1526601600.0,2018-05-18,MANABTC,1.408e-05,1.47e-05,1.369e-05,1.445e-05,2936952.18,41.93
1526515200.0,2018-05-17,MANABTC,1.454e-05,1.519e-05,1.405e-05,1.408e-05,2001234.54,29.26
1526428800.0,2018-05-16,MANABTC,1.518e-05,1.555e-05,1.429e-05,1.454e-05,2428080.74,35.93
1526342400.0,2018-05-15,MANABTC,1.627e-05,1.638e-05,1.518e-05,1.518e-05,2235549.64,35.29
1526256000.0,2018-05-14,MANABTC,1.617e-05,1.747e-05,1.487e-05,1.627e-05,6208864.34,101.29
1526169600.0,2018-05-13,MANABTC,1.461e-05,1.646e-05,1.441e-05,1.617e-05,5177444.01,79.79
1526083200.0,2018-05-12,MANABTC,1.435e-05,1.489e-05,1.316e-05,1.461e-05,4776134.98,66.7
1525996800.0,2018-05-11,MANABTC,1.508e-05,1.512e-05,1.35e-05,1.435e-05,5691294.17,82.63
1525910400.0,2018-05-10,MANABTC,1.542e-05,1.638e-05,1.49e-05,1.508e-05,6136469.12,96.63
1525824000.0,2018-05-09,MANABTC,1.677e-05,1.692e-05,1.501e-05,1.542e-05,5409262.91,84.66
1525737600.0,2018-05-08,MANABTC,1.68e-05,1.795e-05,1.641e-05,1.677e-05,7428790.74,128.33
1525651200.0,2018-05-07,MANABTC,1.66e-05,1.708e-05,1.562e-05,1.68e-05,3642267.77,59.21
1525564800.0,2018-05-06,MANABTC,1.766e-05,1.782e-05,1.611e-05,1.66e-05,3883187.4,64.53
1525478400.0,2018-05-05,MANABTC,1.874e-05,1.909e-05,1.736e-05,1.766e-05,4919607.87,88.58
1525392000.0,2018-05-04,MANABTC,1.93e-05,2.038e-05,1.772e-05,1.874e-05,5372248.39,100.86
1525305600.0,2018-05-03,MANABTC,1.957e-05,2.123e-05,1.874e-05,1.93e-05,12434272.31,249.48
1525219200.0,2018-05-02,MANABTC,2.05e-05,2.076e-05,1.857e-05,1.957e-05,8447118.49,163.71
1525132800.0,2018-05-01,MANABTC,1.699e-05,2.115e-05,1.69e-05,2.05e-05,30039473.1,576.35
1525046400.0,2018-04-30,MANABTC,1.59e-05,1.877e-05,1.589e-05,1.699e-05,9379709.9,162.12
1524960000.0,2018-04-29,MANABTC,1.648e-05,1.709e-05,1.545e-05,1.59e-05,3980001.88,64.15
1524873600.0,2018-04-28,MANABTC,1.509e-05,1.69e-05,1.506e-05,1.648e-05,3668521.66,59.47
1524787200.0,2018-04-27,MANABTC,1.549e-05,1.609e-05,1.489e-05,1.509e-05,3473420.44,54.0
1524700800.0,2018-04-26,MANABTC,1.432e-05,1.74e-05,1.411e-05,1.549e-05,9126068.1,144.78
1524614400.0,2018-04-25,MANABTC,1.507e-05,1.531e-05,1.377e-05,1.432e-05,4407017.15,63.16
1524528000.0,2018-04-24,MANABTC,1.652e-05,1.659e-05,1.501e-05,1.507e-05,8792361.25,139.58
1524441600.0,2018-04-23,MANABTC,1.898e-05,1.931e-05,1.619e-05,1.652e-05,29678640.8,508.49
1524355200.0,2018-04-22,MANABTC,1.312e-05,2.734e-05,1.285e-05,1.898e-05,52265022.46,1003.12
1524268800.0,2018-04-21,MANABTC,1.329e-05,1.397e-05,1.181e-05,1.312e-05,5226527.02,67.32
1524182400.0,2018-04-20,MANABTC,1.303e-05,1.4e-05,1.27e-05,1.329e-05,6949500.29,93.25
1524096000.0,2018-04-19,MANABTC,1.298e-05,1.34e-05,1.266e-05,1.303e-05,2354878.36,30.69
1524009600.0,2018-04-18,MANABTC,1.24e-05,1.3e-05,1.233e-05,1.298e-05,2481754.58,31.38
1523923200.0,2018-04-17,MANABTC,1.199e-05,1.313e-05,1.169e-05,1.24e-05,3715412.21,46.19
1523836800.0,2018-04-16,MANABTC,1.222e-05,1.226e-05,1.142e-05,1.199e-05,2804685.47,33.03
1523750400.0,2018-04-15,MANABTC,1.21e-05,1.29e-05,1.196e-05,1.222e-05,3638345.34,44.85
1523664000.0,2018-04-14,MANABTC,1.151e-05,1.3e-05,1.137e-05,1.21e-05,7834073.59,95.55
1523577600.0,2018-04-13,MANABTC,1.103e-05,1.17e-05,1.091e-05,1.151e-05,2755373.68,31.36
1523491200.0,2018-04-12,MANABTC,1.128e-05,1.158e-05,1.071e-05,1.103e-05,3578840.06,39.78
1523404800.0,2018-04-11,MANABTC,1.136e-05,1.151e-05,1.1e-05,1.128e-05,3980504.46,44.61
1523318400.0,2018-04-10,MANABTC,1.08e-05,1.253e-05,1.078e-05,1.136e-05,20869696.1,242.69
1523232000.0,2018-04-09,MANABTC,1.04e-05,1.13e-05,1.031e-05,1.08e-05,7742363.86,83.37
1523145600.0,2018-04-08,MANABTC,1.042e-05,1.052e-05,1.016e-05,1.04e-05,1524196.94,15.67
1523059200.0,2018-04-07,MANABTC,1.049e-05,1.06e-05,1.012e-05,1.042e-05,1322010.69,13.68
1522972800.0,2018-04-06,MANABTC,1.065e-05,1.085e-05,1.011e-05,1.049e-05,1719841.85,18.03
1522886400.0,2018-04-05,MANABTC,9.98e-06,1.098e-05,9.78e-06,1.065e-05,9940851.47,102.5
1522800000.0,2018-04-04,MANABTC,1.01e-05,1.024e-05,9.87e-06,9.98e-06,1684508.61,16.83
1522713600.0,2018-04-03,MANABTC,9.88e-06,1.012e-05,9.83e-06,1.01e-05,2348548.93,23.46
1522627200.0,2018-04-02,MANABTC,9.88e-06,9.94e-06,9.49e-06,9.88e-06,1586900.31,15.39
1522540800.0,2018-04-01,MANABTC,1.022e-05,1.04e-05,9.84e-06,9.88e-06,2497503.99,25.13
1522454400.0,2018-03-31,MANABTC,9.61e-06,1.058e-05,9.61e-06,1.022e-05,4827657.6,49.05
1522368000.0,2018-03-30,MANABTC,9.83e-06,1.002e-05,9.56e-06,9.61e-06,1513437.2,14.79
1522281600.0,2018-03-29,MANABTC,9.95e-06,1.014e-05,9.55e-06,9.83e-06,1703843.4,16.78
1522195200.0,2018-03-28,MANABTC,1.032e-05,1.05e-05,9.84e-06,9.95e-06,2441630.69,24.86
1522108800.0,2018-03-27,MANABTC,1.041e-05,1.085e-05,1.016e-05,1.032e-05,1840648.07,19.16
1522022400.0,2018-03-26,MANABTC,1.106e-05,1.14e-05,1.021e-05,1.041e-05,2996675.63,32.13
1521936000.0,2018-03-25,MANABTC,1.068e-05,1.153e-05,1.05e-05,1.106e-05,4337833.55,47.51
1521849600.0,2018-03-24,MANABTC,1.028e-05,1.081e-05,1.02e-05,1.068e-05,2607955.66,27.56
1521763200.0,2018-03-23,MANABTC,1.017e-05,1.081e-05,9.79e-06,1.028e-05,3762717.04,38.65
1521676800.0,2018-03-22,MANABTC,1.056e-05,1.07e-05,9.9e-06,1.017e-05,3413911.04,35.21
1521590400.0,2018-03-21,MANABTC,1.018e-05,1.103e-05,1.018e-05,1.056e-05,4837817.55,51.17
1521504000.0,2018-03-20,MANABTC,1.038e-05,1.076e-05,1.01e-05,1.018e-05,3043334.87,31.7
1521417600.0,2018-03-19,MANABTC,9.95e-06,1.078e-05,9.6e-06,1.038e-05,4886582.12,49.49
1521331200.0,2018-03-18,MANABTC,1.089e-05,1.092e-05,9.35e-06,9.95e-06,4386058.05,43.82
1521244800.0,2018-03-17,MANABTC,1.171e-05,1.252e-05,1.072e-05,1.089e-05,13227257.03,153.11
1521158400.0,2018-03-16,MANABTC,1.044e-05,1.301e-05,1.043e-05,1.171e-05,22150291.26,261.13
1521072000.0,2018-03-15,MANABTC,9.71e-06,1.1e-05,9.1e-06,1.044e-05,6669512.76,66.6
1520985600.0,2018-03-14,MANABTC,1.014e-05,1.096e-05,9.69e-06,9.71e-06,5952139.49,60.81
1520899200.0,2018-03-13,MANABTC,9.86e-06,1.145e-05,9.5e-06,1.014e-05,5901811.49,60.51
1520812800.0,2018-03-12,MANABTC,9.02e-06,9.86e-06,8.9e-06,9.86e-06,4393886.15,41.21
1520726400.0,2018-03-11,MANABTC,8.97e-06,9.82e-06,8.87e-06,9.02e-06,1730025.5,15.86
1520640000.0,2018-03-10,MANABTC,8.9e-06,9.07e-06,8.7e-06,8.97e-06,2185553.28,19.39
1520553600.0,2018-03-09,MANABTC,9.08e-06,9.48e-06,8.4e-06,8.9e-06,6265562.62,54.99
1520467200.0,2018-03-08,MANABTC,9.26e-06,9.5e-06,8.7e-06,9.08e-06,5950634.78,53.83
1520380800.0,2018-03-07,MANABTC,9.77e-06,1.035e-05,9.17e-06,9.26e-06,7704865.81,74.47
1520294400.0,2018-03-06,MANABTC,9.81e-06,1.004e-05,9.68e-06,9.77e-06,2123851.41,20.88
1520208000.0,2018-03-05,MANABTC,9.86e-06,1.03e-05,9.64e-06,9.81e-06,4629711.34,45.66
1520121600.0,2018-03-04,MANABTC,9.87e-06,1.035e-05,9.61e-06,9.86e-06,4261931.71,42.07
1520035200.0,2018-03-03,MANABTC,1.002e-05,1.023e-05,9.6e-06,9.87e-06,6241731.28,62.09
1519948800.0,2018-03-02,MANABTC,1.036e-05,1.079e-05,9.75e-06,1.002e-05,8701666.03,89.03
1519862400.0,2018-03-01,MANABTC,1.01e-05,1.096e-05,9.69e-06,1.036e-05,8593895.27,88.12
1519776000.0,2018-02-28,MANABTC,1.051e-05,1.145e-05,1.0e-05,1.01e-05,5674412.99,59.7
1519689600.0,2018-02-27,MANABTC,1.079e-05,1.15e-05,1.02e-05,1.051e-05,2254988.01,24.02
1519603200.0,2018-02-26,MANABTC,1.11e-05,1.158e-05,1.075e-05,1.079e-05,2543393.0,28.1
1519516800.0,2018-02-25,MANABTC,1.085e-05,1.14e-05,1.07e-05,1.11e-05,1604548.34,17.55
1519430400.0,2018-02-24,MANABTC,1.099e-05,1.15e-05,1.078e-05,1.085e-05,2347272.36,25.94
1519344000.0,2018-02-23,MANABTC,1.11e-05,1.15e-05,1.084e-05,1.099e-05,3315057.09,36.67
1519257600.0,2018-02-22,MANABTC,1.05e-05,1.198e-05,1.008e-05,1.11e-05,8319935.83,90.6
1519171200.0,2018-02-21,MANABTC,9.95e-06,1.15e-05,9.46e-06,1.05e-05,9497999.89,98.68
1519084800.0,2018-02-20,MANABTC,1.131e-05,1.138e-05,9.82e-06,9.95e-06,6030048.51,64.06
1518998400.0,2018-02-19,MANABTC,1.178e-05,1.234e-05,1.126e-05,1.131e-05,3254835.95,38.83
1518912000.0,2018-02-18,MANABTC,1.26e-05,1.278e-05,1.16e-05,1.178e-05,3200301.11,38.8
1518825600.0,2018-02-17,MANABTC,1.311e-05,1.346e-05,1.26e-05,1.26e-05,2621355.65,34.12
1518739200.0,2018-02-16,MANABTC,1.34e-05,1.36e-05,1.271e-05,1.311e-05,4014578.74,52.83
1518652800.0,2018-02-15,MANABTC,1.305e-05,1.464e-05,1.245e-05,1.34e-05,9311012.29,127.16
1518566400.0,2018-02-14,MANABTC,1.338e-05,1.4e-05,1.263e-05,1.305e-05,4512887.17,59.38
1518480000.0,2018-02-13,MANABTC,1.42e-05,1.42e-05,1.318e-05,1.338e-05,3440548.29,46.56
1518393600.0,2018-02-12,MANABTC,1.457e-05,1.484e-05,1.374e-05,1.42e-05,4324195.02,61.27
1518307200.0,2018-02-11,MANABTC,1.344e-05,1.549e-05,1.31e-05,1.457e-05,13137867.52,187.75
1518220800.0,2018-02-10,MANABTC,1.432e-05,1.439e-05,1.245e-05,1.344e-05,9489145.89,128.52
1518134400.0,2018-02-09,MANABTC,1.317e-05,1.66e-05,1.303e-05,1.432e-05,30612673.39,453.62
1518048000.0,2018-02-08,MANABTC,1.266e-05,1.422e-05,1.253e-05,1.317e-05,9467405.54,126.87
1517961600.0,2018-02-07,MANABTC,1.148e-05,1.5e-05,1.086e-05,1.266e-05,24452520.47,316.18
1517875200.0,2018-02-06,MANABTC,1.03e-05,1.2e-05,9.64e-06,1.148e-05,18048664.37,196.44
1517788800.0,2018-02-05,MANABTC,1.159e-05,1.23e-05,9.8e-06,1.03e-05,8690260.06,95.99
1517702400.0,2018-02-04,MANABTC,1.159e-05,1.3e-05,1.069e-05,1.159e-05,10879168.09,128.88
1517616000.0,2018-02-03,MANABTC,1.065e-05,1.2e-05,1.03e-05,1.159e-05,6634945.89,73.88
1517529600.0,2018-02-02,MANABTC,1.119e-05,1.18e-05,8.82e-06,1.065e-05,9207003.47,95.21
1517443200.0,2018-02-01,MANABTC,1.257e-05,1.3e-05,1.034e-05,1.119e-05,11232537.24,126.68
1517356800.0,2018-01-31,MANABTC,1.125e-05,1.32e-05,1.091e-05,1.257e-05,10217209.55,122.62
1517270400.0,2018-01-30,MANABTC,1.194e-05,1.25e-05,1.113e-05,1.125e-05,10146225.5,121.11
1517184000.0,2018-01-29,MANABTC,1.2e-05,1.241e-05,1.136e-05,1.194e-05,10061741.0,119.21
1517097600.0,2018-01-28,MANABTC,1.246e-05,1.269e-05,1.187e-05,1.2e-05,9704008.11,118.19
1517011200.0,2018-01-27,MANABTC,1.234e-05,1.317e-05,1.21e-05,1.246e-05,7367378.51,92.09
1516924800.0,2018-01-26,MANABTC,1.28e-05,1.32e-05,1.176e-05,1.234e-05,10981648.77,135.96
1516838400.0,2018-01-25,MANABTC,1.217e-05,1.345e-05,1.207e-05,1.28e-05,12762550.02,162.46
1516752000.0,2018-01-24,MANABTC,1.352e-05,1.489e-05,1.207e-05,1.217e-05,23417853.31,311.02
1516665600.0,2018-01-23,MANABTC,1.148e-05,1.49e-05,1.103e-05,1.352e-05,38052399.89,489.25
1516579200.0,2018-01-22,MANABTC,1.062e-05,1.303e-05,1.041e-05,1.148e-05,28903229.03,332.71
1516492800.0,2018-01-21,MANABTC,1.173e-05,1.187e-05,1.021e-05,1.062e-05,15419755.25,166.16
1516406400.0,2018-01-20,MANABTC,1.208e-05,1.265e-05,1.107e-05,1.173e-05,12139510.28,142.97
1516320000.0,2018-01-19,MANABTC,1.179e-05,1.276e-05,1.1e-05,1.208e-05,19023115.7,225.05
1516233600.0,2018-01-18,MANABTC,1.257e-05,1.284e-05,1.128e-05,1.179e-05,28425360.43,341.77
1516147200.0,2018-01-17,MANABTC,8.54e-06,1.44e-05,8.33e-06,1.257e-05,69329053.88,793.43
1516060800.0,2018-01-16,MANABTC,9.91e-06,9.91e-06,8.07e-06,8.54e-06,26863145.65,237.38
1515974400.0,2018-01-15,MANABTC,1.099e-05,1.15e-05,9.61e-06,9.91e-06,22330238.09,234.2
1515888000.0,2018-01-14,MANABTC,1.247e-05,1.33e-05,1.097e-05,1.099e-05,17124690.07,199.85
1515801600.0,2018-01-13,MANABTC,1.331e-05,1.368e-05,1.188e-05,1.247e-05,16314439.01,210.59
1515715200.0,2018-01-12,MANABTC,1.294e-05,1.414e-05,1.256e-05,1.331e-05,19059111.28,255.64
1515628800.0,2018-01-11,MANABTC,1.413e-05,1.446e-05,1.159e-05,1.294e-05,28220306.08,373.97
1515542400.0,2018-01-10,MANABTC,1.752e-05,1.89e-05,1.357e-05,1.413e-05,39173442.97,619.87
1515456000.0,2018-01-09,MANABTC,1.585e-05,1.98e-05,1.565e-05,1.752e-05,73916277.05,1297.98
1515369600.0,2018-01-08,MANABTC,1.45e-05,1.683e-05,1.201e-05,1.585e-05,67076107.6,964.86
1515283200.0,2018-01-07,MANABTC,1.072e-05,1.682e-05,1.072e-05,1.45e-05,85220576.35,1168.49
1515196800.0,2018-01-06,MANABTC,9.7e-06,1.172e-05,9.7e-06,1.072e-05,30994253.18,332.08
1515110400.0,2018-01-05,MANABTC,1.284e-05,1.37e-05,8.62e-06,9.7e-06,40475017.44,435.77
1515024000.0,2018-01-04,MANABTC,1.01e-05,1.38e-05,9.2e-06,1.284e-05,45835165.79,534.99
1514937600.0,2018-01-03,MANABTC,7.04e-06,1.2e-05,6.58e-06,1.01e-05,85573564.46,830.37
1514851200.0,2018-01-02,MANABTC,7.42e-06,8.38e-06,6.17e-06,7.04e-06,33716447.43,254.22
1514764800.0,2018-01-01,MANABTC,7.3e-06,7.69e-06,7.0e-06,7.42e-06,13313629.59,97.52
1514678400.0,2017-12-31,MANABTC,7.74e-06,7.86e-06,7.0e-06,7.3e-06,22492664.91,166.74
1514592000.0,2017-12-30,MANABTC,6.1e-06,8.1e-06,6.04e-06,7.74e-06,60169642.0,437.7
1514505600.0,2017-12-29,MANABTC,6.19e-06,6.62e-06,5.76e-06,6.1e-06,29933160.61,188.24
1514419200.0,2017-12-28,MANABTC,5.31e-06,6.5e-06,5.23e-06,6.19e-06,27662795.47,163.26
1514332800.0,2017-12-27,MANABTC,5.51e-06,5.74e-06,5.04e-06,5.31e-06,17981425.55,97.32
1514246400.0,2017-12-26,MANABTC,6.65e-06,6.81e-06,5.05e-06,5.51e-06,32072017.74,186.03
1514160000.0,2017-12-25,MANABTC,6.2e-06,6.76e-06,6.1e-06,6.65e-06,31744296.15,205.65
1514073600.0,2017-12-24,MANABTC,6.09e-06,6.4e-06,5.99e-06,6.2e-06,30515746.76,188.19
1513987200.0,2017-12-23,MANABTC,6.42e-06,6.69e-06,5.9e-06,6.09e-06,37726517.24,235.4
1513900800.0,2017-12-22,MANABTC,6.89e-06,7.14e-06,5.5e-06,6.42e-06,50099920.33,318.99
1513814400.0,2017-12-21,MANABTC,7.02e-06,7.88e-06,6.58e-06,6.89e-06,78505102.27,555.19
1513728000.0,2017-12-20,MANABTC,6.34e-06,7.71e-06,5.64e-06,7.02e-06,107574276.1,699.64
1513641600.0,2017-12-19,MANABTC,5.99e-06,6.45e-06,5.6e-06,6.34e-06,66060661.35,400.38
1513555200.0,2017-12-18,MANABTC,5.4e-06,6.67e-06,5.1e-06,5.99e-06,75741807.31,437.29
1513468800.0,2017-12-17,MANABTC,5.19e-06,5.8e-06,4.95e-06,5.4e-06,63782239.25,344.54
1513382400.0,2017-12-16,MANABTC,6.07e-06,6.68e-06,4.9e-06,5.19e-06,96435632.96,555.53
1513296000.0,2017-12-15,MANABTC,7.93e-06,7.94e-06,5.26e-06,6.07e-06,135240475.99,858.79
1513209600.0,2017-12-14,MANABTC,7.49e-06,9.1e-06,6.2e-06,7.94e-06,247471895.56,1887.41
1513123200.0,2017-12-13,MANABTC,4.92e-06,7.7e-06,4.82e-06,7.49e-06,278011943.51,1748.89
1513036800.0,2017-12-12,MANABTC,4.39e-06,5.69e-06,4.38e-06,4.92e-06,190318925.43,935.05
1512950400.0,2017-12-11,MANABTC,4.95e-06,5.32e-06,4.06e-06,4.39e-06,133595403.51,615.4
1512864000.0,2017-12-10,MANABTC,3.59e-06,6.45e-06,3.59e-06,4.95e-06,370435593.61,1947.3
1512777600.0,2017-12-09,MANABTC,3.09e-06,3.76e-06,2.93e-06,3.59e-06,58074992.37,203.45
1512691200.0,2017-12-08,MANABTC,3.4e-06,3.99e-06,2.39e-06,3.09e-06,188306475.11,622.66
1512604800.0,2017-12-07,MANABTC,4.32e-06,7.29e-06,3.0e-06,3.4e-06,666915769.34,3550.21
1512518400.0,2017-12-06,MANABTC,1.95e-06,8.4e-06,1.7e-06,4.32e-06,459203349.94,1916.0
1512432000.0,2017-12-05,MANABTC,1.55e-06,1.99e-06,1.53e-06,1.95e-06,36344616.23,63.51
1512345600.0,2017-12-04,MANABTC,1.58e-06,1.62e-06,1.51e-06,1.55e-06,15186167.33,23.65
1512259200.0,2017-12-03,MANABTC,1.56e-06,1.63e-06,1.47e-06,1.58e-06,15018029.02,23.38
1512172800.0,2017-12-02,MANABTC,1.48e-06,1.61e-06,1.4e-06,1.56e-06,8360805.87,12.53
1512086400.0,2017-12-01,MANABTC,1.5e-06,1.57e-06,1.46e-06,1.48e-06,4767749.4,7.15
1512000000.0,2017-11-30,MANABTC,1.57e-06,1.6e-06,1.45e-06,1.5e-06,5659913.68,8.61
1511913600.0,2017-11-29,MANABTC,1.85e-06,1.89e-06,1.51e-06,1.57e-06,20615782.9,34.23
1511827200.0,2017-11-28,MANABTC,1.79e-06,2.1e-06,1.64e-06,1.85e-06,34137730.44,63.73
1511740800.0,2017-11-27,MANABTC,1.7e-06,1.87e-06,1.6e-06,1.79e-06,10591141.94,18.47
1511654400.0,2017-11-26,MANABTC,1.77e-06,1.85e-06,1.65e-06,1.7e-06,7932168.44,13.56
1511568000.0,2017-11-25,MANABTC,1.93e-06,2.06e-06,1.7e-06,1.77e-06,13070073.11,24.37
1511481600.0,2017-11-24,MANABTC,1.7e-06,2.28e-06,1.61e-06,1.93e-06,51542572.76,103.46
1511395200.0,2017-11-23,MANABTC,1.63e-06,1.76e-06,1.55e-06,1.7e-06,13749868.31,23.23
1511308800.0,2017-11-22,MANABTC,1.62e-06,1.7e-06,1.56e-06,1.63e-06,8829808.7,14.35
1511222400.0,2017-11-21,MANABTC,1.55e-06,1.76e-06,1.48e-06,1.62e-06,19357958.17,31.56
1511136000.0,2017-11-20,MANABTC,1.63e-06,1.73e-06,1.51e-06,1.55e-06,6633408.14,10.6
1511049600.0,2017-11-19,MANABTC,1.69e-06,1.83e-06,1.53e-06,1.63e-06,10225949.25,17.34
1510963200.0,2017-11-18,MANABTC,1.51e-06,1.75e-06,1.45e-06,1.69e-06,9725286.3,15.88
1510876800.0,2017-11-17,MANABTC,1.49e-06,1.56e-06,1.42e-06,1.51e-06,4337494.4,6.38
1510790400.0,2017-11-16,MANABTC,1.67e-06,1.72e-06,1.48e-06,1.49e-06,7440247.81,12.02
1510704000.0,2017-11-15,MANABTC,1.72e-06,1.73e-06,1.58e-06,1.67e-06,6139096.01,10.06
1510617600.0,2017-11-14,MANABTC,1.74e-06,1.78e-06,1.58e-06,1.72e-06,6130343.88,10.34
1510531200.0,2017-11-13,MANABTC,1.73e-06,1.9e-06,1.67e-06,1.74e-06,8081745.41,14.52
1510444800.0,2017-11-12,MANABTC,1.88e-06,1.9e-06,1.64e-06,1.73e-06,9687103.43,16.89
1510358400.0,2017-11-11,MANABTC,2.02e-06,2.02e-06,1.8e-06,1.88e-06,9198891.9,17.19
1510272000.0,2017-11-10,MANABTC,2.12e-06,2.17e-06,1.87e-06,2.02e-06,10058225.46,20.34
1510185600.0,2017-11-09,MANABTC,1.94e-06,2.27e-06,1.86e-06,2.12e-06,23522888.74,48.98
1510099200.0,2017-11-08,MANABTC,1.9e-06,2.37e-06,1.55e-06,1.94e-06,71733858.93,145.54
1510012800.0,2017-11-07,MANABTC,1.72e-06,2.03e-06,1.66e-06,1.9e-06,17461671.89,32.63
1509926400.0,2017-11-06,MANABTC,1.64e-06,1.74e-06,1.47e-06,1.72e-06,23142584.97,37.02
1509840000.0,2017-11-05,MANABTC,1.59e-06,1.83e-06,1.5e-06,1.64e-06,18604356.58,31.51
1509753600.0,2017-11-04,MANABTC,1.44e-06,1.61e-06,1.44e-06,1.59e-06,11339940.11,17.39
1509667200.0,2017-11-03,MANABTC,1.42e-06,1.54e-06,1.31e-06,1.44e-06,16878326.21,24.35
1509580800.0,2017-11-02,MANABTC,1.53e-06,1.54e-06,1.18e-06,1.42e-06,20012864.33,26.95
1509494400.0,2017-11-01,MANABTC,1.44e-06,1.62e-06,1.4e-06,1.53e-06,28178345.4,41.99
1509408000.0,2017-10-31,MANABTC,1.58e-06,1.65e-06,1.43e-06,1.44e-06,13280189.01,20.33
1509321600.0,2017-10-30,MANABTC,1.62e-06,1.69e-06,1.51e-06,1.58e-06,9872309.53,15.89
1509235200.0,2017-10-29,MANABTC,1.73e-06,1.88e-06,1.6e-06,1.62e-06,15308764.32,26.76
1509148800.0,2017-10-28,MANABTC,1.75e-06,1.83e-06,1.71e-06,1.73e-06,8881372.1,15.66
1509062400.0,2017-10-27,MANABTC,1.69e-06,1.8e-06,1.66e-06,1.75e-06,9969141.49,17.13
1508976000.0,2017-10-26,MANABTC,1.84e-06,1.88e-06,1.61e-06,1.69e-06,19387178.89,34.27
1508889600.0,2017-10-25,MANABTC,1.86e-06,2.19e-06,1.79e-06,1.84e-06,37122296.52,73.46
1508803200.0,2017-10-24,MANABTC,1.47e-06,2.25e-06,1.44e-06,1.86e-06,67323838.34,127.48
1508716800.0,2017-10-23,MANABTC,1.45e-06,1.69e-06,1.42e-06,1.47e-06,27074195.32,41.04
1508630400.0,2017-10-22,MANABTC,1.6e-06,1.72e-06,1.43e-06,1.45e-06,26330667.85,41.71
1508544000.0,2017-10-21,MANABTC,1.98e-06,2.01e-06,1.51e-06,1.6e-06,25573894.04,44.76
1508457600.0,2017-10-20,MANABTC,2.3e-06,2.35e-06,1.93e-06,1.98e-06,39566520.03,84.64
1508371200.0,2017-10-19,MANABTC,1.96e-06,2.64e-06,1.96e-06,2.3e-06,58562369.4,129.9
1508284800.0,2017-10-18,MANABTC,1.9e-06,2.1e-06,1.86e-06,1.96e-06,26555665.14,51.78
1508198400.0,2017-10-17,MANABTC,2.18e-06,2.3e-06,1.88e-06,1.9e-06,44620995.29,94.83
1508112000.0,2017-10-16,MANABTC,2.23e-06,2.72e-06,2.01e-06,2.18e-06,106408539.2,239.79
1508025600.0,2017-10-15,MANABTC,3.46e-06,3.46e-06,2.2e-06,2.42e-06,193072038.17,543.19
1507939200.0,2017-10-14,MANABTC,7.35e-06,7.37e-06,3.16e-06,3.46e-06,521702816.45,2267.75
